path,design_id,colorway_id,split
train/Banarasi/0X2A9236_ce21044d-dd2f-4de2-aaf0-21fa02aca371_jpg.rf.0d0755bfccea58800b11bcbea2d26a0f.jpg,CATEGORY_PROXY_Banarasi,unknown_unannotated,train
train/Banarasi/0X2A9236_ce21044d-dd2f-4de2-aaf0-21fa02aca371_jpg.rf.9d2ad6eea50549859cf44611b47b3d75.jpg,CATEGORY_PROXY_Banarasi,unknown_unannotated,train
train/Banarasi/0X2A9236_ce21044d-dd2f-4de2-aaf0-21fa02aca371_jpg.rf.fa933f6dc0c94bb6cd13da8ffa7cdbe2.jpg,CATEGORY_PROXY_Banarasi,unknown_unannotated,train
train/Banarasi/0X2A9245_7ddec5f7-8328-4c6b-943f-ac6e47023e70_jpg.rf.32f41a710fa9882c6c2cf323d5e8ac3d.jpg,CATEGORY_PROXY_Banarasi,unknown_unannotated,train
train/Banarasi/0X2A9245_7ddec5f7-8328-4c6b-943f-ac6e47023e70_jpg.rf.84e7a42a139a6c30593d43330e70b26a.jpg,CATEGORY_PROXY_Banarasi,unknown_unannotated,train
train/Banarasi/0X2A9245_7ddec5f7-8328-4c6b-943f-ac6e47023e70_jpg.rf.966e10121571028fd5d5c2671468a7ff.jpg,CATEGORY_PROXY_Banarasi,unknown_unannotated,train
train/Banarasi/12-06-2023ShivangiKasliwal0744_jpg.rf.105455f9fb573f579898e6364e2e6374.jpg,CATEGORY_PROXY_Banarasi,unknown_unannotated,train
train/Banarasi/12-06-2023ShivangiKasliwal0744_jpg.rf.6f8fe7c59e220a95216ee8ace82bfec9.jpg,CATEGORY_PROXY_Banarasi,unknown_unannotated,train
train/Banarasi/12-06-2023ShivangiKasliwal0744_jpg.rf.7033ce2b58f57a94c4e63f6b8c5c9eff.jpg,CATEGORY_PROXY_Banarasi,unknown_unannotated,train
train/Banarasi/12RSerJyMqGVqxOtKTT9Ob7rkaiYMIQGr_jpg.rf.61cbca9e2a70429c42cd729516c683a5.jpg,CATEGORY_PROXY_Banarasi,unknown_unannotated,train
train/Banarasi/12RSerJyMqGVqxOtKTT9Ob7rkaiYMIQGr_jpg.rf.cea44c0dd6a75ddb64d57a2bf2774a55.jpg,CATEGORY_PROXY_Banarasi,unknown_unannotated,train
train/Banarasi/12RSerJyMqGVqxOtKTT9Ob7rkaiYMIQGr_jpg.rf.fb5b38b635865483409dae3c4747b932.jpg,CATEGORY_PROXY_Banarasi,unknown_unannotated,train
train/Banarasi/1eDgfJlRzyN3WaVmoD30MN5NfzYdDbCd8_jpg.rf.15a2b11667680c1b18a71125212ee5a3.jpg,CATEGORY_PROXY_Banarasi,unknown_unannotated,train
train/Banarasi/1eDgfJlRzyN3WaVmoD30MN5NfzYdDbCd8_jpg.rf.34ba7a03ebc39564efca724e09c890bf.jpg,CATEGORY_PROXY_Banarasi,unknown_unannotated,train
train/Banarasi/1eDgfJlRzyN3WaVmoD30MN5NfzYdDbCd8_jpg.rf.392f10b1e4b62861bd415c8a775f1b69.jpg,CATEGORY_PROXY_Banarasi,unknown_unannotated,train
train/Banarasi/1ptBHDIH4yxKbY36o4_B9vwdg1TaNo2Dv_jpg.rf.b2eac5e2d796c55972aa7007cd8c9069.jpg,CATEGORY_PROXY_Banarasi,unknown_unannotated,train
train/Banarasi/1ptBHDIH4yxKbY36o4_B9vwdg1TaNo2Dv_jpg.rf.b469f74a3eee45cc40fc78d65a6f0e1f.jpg,CATEGORY_PROXY_Banarasi,unknown_unannotated,train
train/Banarasi/1ptBHDIH4yxKbY36o4_B9vwdg1TaNo2Dv_jpg.rf.b472e4012ecdceda67f403156d4c8e8b.jpg,CATEGORY_PROXY_Banarasi,unknown_unannotated,train
train/Banarasi/403218-1_jpg.rf.009e6c9ad34b534404d08f85d6c0990f.jpg,CATEGORY_PROXY_Banarasi,unknown_unannotated,train
train/Banarasi/403218-1_jpg.rf.6b0986dfed2cba2b5ae5e1e5c4a0bea9.jpg,CATEGORY_PROXY_Banarasi,unknown_unannotated,train
train/Banarasi/403218-1_jpg.rf.c54c20dc75514e60f9012b66e3bc2fff.jpg,CATEGORY_PROXY_Banarasi,unknown_unannotated,train
train/Banarasi/415532-1_jpg.rf.810fc6cb72ba74bcf1cd1ec97affb20b.jpg,CATEGORY_PROXY_Banarasi,unknown_unannotated,train
train/Banarasi/415532-1_jpg.rf.81f7de44b2b31c15841be8edd18255d2.jpg,CATEGORY_PROXY_Banarasi,unknown_unannotated,train
train/Banarasi/415532-1_jpg.rf.89c9f73397b70c8494fa477e12fe987f.jpg,CATEGORY_PROXY_Banarasi,unknown_unannotated,train
train/Banarasi/6fb8ed49753bed8c5dc09cd5f6c45edb_jpg.rf.87309677c29fdbc56a8c76af2dc367e8.jpg,CATEGORY_PROXY_Banarasi,unknown_unannotated,train
train/Banarasi/6fb8ed49753bed8c5dc09cd5f6c45edb_jpg.rf.bbbdfa2b3084d2d0a9a48b114487be42.jpg,CATEGORY_PROXY_Banarasi,unknown_unannotated,train
train/Banarasi/6fb8ed49753bed8c5dc09cd5f6c45edb_jpg.rf.f5f5756d8d868772317d992983dc7fee.jpg,CATEGORY_PROXY_Banarasi,unknown_unannotated,train
train/Banarasi/9vvai_512_webp.rf.29e4cb8f51ac02b57a2b8266a0ba99b8.jpg,CATEGORY_PROXY_Banarasi,unknown_unannotated,train
train/Banarasi/9vvai_512_webp.rf.2c5c393acddd477ded7b4a66b1e788b2.jpg,CATEGORY_PROXY_Banarasi,unknown_unannotated,train
train/Banarasi/9vvai_512_webp.rf.66c499566232556a67075a80c4b499e4.jpg,CATEGORY_PROXY_Banarasi,unknown_unannotated,train
train/Banarasi/AF2B6A22-5807-4539-9B91-3A42C8C46995_jpg.rf.6e49dad240a52f84114507e42ee35022.jpg,CATEGORY_PROXY_Banarasi,unknown_unannotated,train
train/Banarasi/AF2B6A22-5807-4539-9B91-3A42C8C46995_jpg.rf.c09892c712f829dce8cad3f4934fb426.jpg,CATEGORY_PROXY_Banarasi,unknown_unannotated,train
train/Banarasi/AF2B6A22-5807-4539-9B91-3A42C8C46995_jpg.rf.c5c955c439f3052df347b2c9072bb32b.jpg,CATEGORY_PROXY_Banarasi,unknown_unannotated,train
train/Banarasi/baby-pink-handwoven-banarasi-silk-fabric-646695_800x_jpg.rf.269cc3781f2c4595383183ba833e6c77.jpg,CATEGORY_PROXY_Banarasi,unknown_unannotated,train
train/Banarasi/baby-pink-handwoven-banarasi-silk-fabric-646695_800x_jpg.rf.5a1ae2cef9db440c841f262b4c821192.jpg,CATEGORY_PROXY_Banarasi,unknown_unannotated,train
train/Banarasi/baby-pink-handwoven-banarasi-silk-fabric-646695_800x_jpg.rf.91891007e4cca76724a73e2c272e6ce9.jpg,CATEGORY_PROXY_Banarasi,unknown_unannotated,train
train/Banarasi/banarasi-fabric_jpg.rf.54eb5c1cb6c34d4f05057217818d7e83.jpg,CATEGORY_PROXY_Banarasi,unknown_unannotated,train
train/Banarasi/banarasi-fabric_jpg.rf.a5d91ad42de4a5a8674c47aa8da5ab12.jpg,CATEGORY_PROXY_Banarasi,unknown_unannotated,train
train/Banarasi/banarasi-fabric_jpg.rf.d9963c9fa6a5cc70a23ef599f41e2ef4.jpg,CATEGORY_PROXY_Banarasi,unknown_unannotated,train
train/Banarasi/banarasi-fabrics_jpeg.rf.10c6bc260be66c77f394f153af95ca96.jpg,CATEGORY_PROXY_Banarasi,unknown_unannotated,train
train/Banarasi/banarasi-fabrics_jpeg.rf.3dc146a1d5994ed6feba3ecf753dedf2.jpg,CATEGORY_PROXY_Banarasi,unknown_unannotated,train
train/Banarasi/banarasi-fabrics_jpeg.rf.cc0119e7010c24ced1bcdb1eca052ef6.jpg,CATEGORY_PROXY_Banarasi,unknown_unannotated,train
train/Banarasi/Blue-Golden-Pannel-Work-Banarasi-Silk-Fabric-12801_jpg.rf.67e889cd33b530169562c596ce78e43b.jpg,CATEGORY_PROXY_Banarasi,unknown_unannotated,train
train/Banarasi/Blue-Golden-Pannel-Work-Banarasi-Silk-Fabric-12801_jpg.rf.c34626dc372ae4fc6362cd78d9736451.jpg,CATEGORY_PROXY_Banarasi,unknown_unannotated,train
train/Banarasi/Blue-Golden-Pannel-Work-Banarasi-Silk-Fabric-12801_jpg.rf.e9aed250a0b423893e24becdb422fa45.jpg,CATEGORY_PROXY_Banarasi,unknown_unannotated,train
train/Banarasi/dsc04182_jpg.rf.272acd18005aba54887c435d2b5c20db.jpg,CATEGORY_PROXY_Banarasi,unknown_unannotated,train
train/Banarasi/dsc04182_jpg.rf.3371fedad32b831ea2d5dbdf35f8a3ea.jpg,CATEGORY_PROXY_Banarasi,unknown_unannotated,train
train/Banarasi/dsc04182_jpg.rf.fcd50bf253d618bf4cafdc0b0bb12708.jpg,CATEGORY_PROXY_Banarasi,unknown_unannotated,train
train/Banarasi/ef0190e9bf99193b32566338cd7b2a0e_jpg.rf.65bf4c24b992343cd243240f9b58897e.jpg,CATEGORY_PROXY_Banarasi,unknown_unannotated,train
train/Banarasi/ef0190e9bf99193b32566338cd7b2a0e_jpg.rf.a5f56d5bf75b43ebdfec0ccf50d9c95d.jpg,CATEGORY_PROXY_Banarasi,unknown_unannotated,train
train/Banarasi/ef0190e9bf99193b32566338cd7b2a0e_jpg.rf.f0fe5af54a5af64f15fdca94cecb5871.jpg,CATEGORY_PROXY_Banarasi,unknown_unannotated,train
train/Banarasi/Fabric-07A-ChinayaBanaras-size-800x1200_800x_jpg.rf.0f79e5a62470d3e839380e02eeb74fd9.jpg,CATEGORY_PROXY_Banarasi,unknown_unannotated,train
train/Banarasi/Fabric-07A-ChinayaBanaras-size-800x1200_800x_jpg.rf.a94e3bb36bf45289129e457a579a7fe6.jpg,CATEGORY_PROXY_Banarasi,unknown_unannotated,train
train/Banarasi/Fabric-07A-ChinayaBanaras-size-800x1200_800x_jpg.rf.fd1f0444dca895d3b0beaa656121f3f0.jpg,CATEGORY_PROXY_Banarasi,unknown_unannotated,train
train/Banarasi/FKACJRD10028_2_1200x_jpg.rf.14ad150b0f356839597c7f64aaecbaf4.jpg,CATEGORY_PROXY_Banarasi,unknown_unannotated,train
train/Banarasi/FKACJRD10028_2_1200x_jpg.rf.3dc0a71bcea8b467543d42ed90d92b77.jpg,CATEGORY_PROXY_Banarasi,unknown_unannotated,train
train/Banarasi/FKACJRD10028_2_1200x_jpg.rf.71eff6c4b53d0bfdefabe7c6d747764c.jpg,CATEGORY_PROXY_Banarasi,unknown_unannotated,train
train/Banarasi/green-floral-booti-pure-rich-silk-banarasi-jacquard-fabric-740389_jpg.rf.38be64d0e0c513df51e94e5dc0f19d02.jpg,CATEGORY_PROXY_Banarasi,unknown_unannotated,train
train/Banarasi/green-floral-booti-pure-rich-silk-banarasi-jacquard-fabric-740389_jpg.rf.6fcd6740398aa34783090bd71a7f4cfb.jpg,CATEGORY_PROXY_Banarasi,unknown_unannotated,train
train/Banarasi/green-floral-booti-pure-rich-silk-banarasi-jacquard-fabric-740389_jpg.rf.c5fae334f4c946d9a09ac1d8fc56cf97.jpg,CATEGORY_PROXY_Banarasi,unknown_unannotated,train
train/Banarasi/handwoven-banarasi-fabric-1596717011-5545804_jpeg.rf.d185baf5e4b4910e91531a2938bb7dbf.jpg,CATEGORY_PROXY_Banarasi,unknown_unannotated,train
train/Banarasi/handwoven-banarasi-fabric-1596717011-5545804_jpeg.rf.dade709a1e1b3bc6ca803376f2c3289c.jpg,CATEGORY_PROXY_Banarasi,unknown_unannotated,train
train/Banarasi/handwoven-banarasi-fabric-1596717011-5545804_jpeg.rf.f52801f3f758a901631dd9d67c654000.jpg,CATEGORY_PROXY_Banarasi,unknown_unannotated,train
train/Banarasi/IG_04011_jpg.rf.018fe866ca4def0991e3ee11b7deefa4.jpg,CATEGORY_PROXY_Banarasi,unknown_unannotated,train
train/Banarasi/IG_04011_jpg.rf.0a68e2d1d4afbd0f925d9d4c28804338.jpg,CATEGORY_PROXY_Banarasi,unknown_unannotated,train
train/Banarasi/IG_04011_jpg.rf.0c24dbffc59167f34da0f93ebe903b1a.jpg,CATEGORY_PROXY_Banarasi,unknown_unannotated,train
train/Banarasi/IG_06961_f36c87f2-848b-4752-9c51-c1e3c2fb4054_jpg.rf.4d2eeb2757f06942ff291a8001240fac.jpg,CATEGORY_PROXY_Banarasi,unknown_unannotated,train
train/Banarasi/IG_06961_f36c87f2-848b-4752-9c51-c1e3c2fb4054_jpg.rf.9a81f255a5a4b39eca29b94c9f0922b9.jpg,CATEGORY_PROXY_Banarasi,unknown_unannotated,train
train/Banarasi/IG_06961_f36c87f2-848b-4752-9c51-c1e3c2fb4054_jpg.rf.bdfeb9223370a5611980c285c57b5ad4.jpg,CATEGORY_PROXY_Banarasi,unknown_unannotated,train
train/Banarasi/IG_09957_bf42d59b-be3e-45e3-a9b9-54ac921bcbcc_jpg.rf.82d3cd6d86f766c2001e77185383d75c.jpg,CATEGORY_PROXY_Banarasi,unknown_unannotated,train
train/Banarasi/IG_09957_bf42d59b-be3e-45e3-a9b9-54ac921bcbcc_jpg.rf.b2d30e0362a56220540f9cd2fad8cdf3.jpg,CATEGORY_PROXY_Banarasi,unknown_unannotated,train
train/Banarasi/IG_09957_bf42d59b-be3e-45e3-a9b9-54ac921bcbcc_jpg.rf.c76ffe567ec88157d6d7cc1104b52ce5.jpg,CATEGORY_PROXY_Banarasi,unknown_unannotated,train
train/Banarasi/il_570xN-1163737701_kncb_jpg.rf.00f4e2d4a5302bb55fbf809e612c3d81.jpg,CATEGORY_PROXY_Banarasi,unknown_unannotated,train
train/Banarasi/il_570xN-1163737701_kncb_jpg.rf.6ebae527b228bf43b33ccbdd29e6fa9d.jpg,CATEGORY_PROXY_Banarasi,unknown_unannotated,train
train/Banarasi/il_570xN-1163737701_kncb_jpg.rf.f8234da6410880d3e936e6e63aab7bb1.jpg,CATEGORY_PROXY_Banarasi,unknown_unannotated,train
train/Banarasi/image15_jpeg.rf.76453274b93ea47d3dd438553a84b4c9.jpg,CATEGORY_PROXY_Banarasi,unknown_unannotated,train
train/Banarasi/image15_jpeg.rf.9358616c5eb56054155a5915e574b4c9.jpg,CATEGORY_PROXY_Banarasi,unknown_unannotated,train
train/Banarasi/image15_jpeg.rf.ebf690a16bde6941a4fd0ac45c2e8889.jpg,CATEGORY_PROXY_Banarasi,unknown_unannotated,train
train/Banarasi/image19_jpeg.rf.b5b6b677ae8f961d10047718fc09ef7c.jpg,CATEGORY_PROXY_Banarasi,unknown_unannotated,train
train/Banarasi/image19_jpeg.rf.eacfbd129a995ce1caac234858597109.jpg,CATEGORY_PROXY_Banarasi,unknown_unannotated,train
train/Banarasi/image19_jpeg.rf.f05279af1ecf262fe1787bcfb1bb0ece.jpg,CATEGORY_PROXY_Banarasi,unknown_unannotated,train
train/Banarasi/image20_jpeg.rf.80a726d2e2f1215fb5f0560749534c6f.jpg,CATEGORY_PROXY_Banarasi,unknown_unannotated,train
train/Banarasi/image20_jpeg.rf.941a9daf16d273372e551588f0f0f0fb.jpg,CATEGORY_PROXY_Banarasi,unknown_unannotated,train
train/Banarasi/image20_jpeg.rf.f059bdc03e955821c08a3b0d6c163324.jpg,CATEGORY_PROXY_Banarasi,unknown_unannotated,train
train/Banarasi/image21_jpeg.rf.4a8d6ac5e7744004fedabd8d63f4e19e.jpg,CATEGORY_PROXY_Banarasi,unknown_unannotated,train
train/Banarasi/image21_jpeg.rf.5fa6e5bebf8ec83ecdd569878c0c1467.jpg,CATEGORY_PROXY_Banarasi,unknown_unannotated,train
train/Banarasi/image21_jpeg.rf.a32f1abf958689bd4a009ef6c85c5671.jpg,CATEGORY_PROXY_Banarasi,unknown_unannotated,train
train/Banarasi/image25_jpeg.rf.06f263cd76c0782680bea642032ec754.jpg,CATEGORY_PROXY_Banarasi,unknown_unannotated,train
train/Banarasi/image25_jpeg.rf.685cc3e6452a29aaf9d7bff02a1fd3bf.jpg,CATEGORY_PROXY_Banarasi,unknown_unannotated,train
train/Banarasi/image25_jpeg.rf.e6a5b0d0221547137ca8cade4f4bd3cf.jpg,CATEGORY_PROXY_Banarasi,unknown_unannotated,train
train/Banarasi/image29_jpeg.rf.2b424e75dfe13e86360ca17a6eb1d943.jpg,CATEGORY_PROXY_Banarasi,unknown_unannotated,train
train/Banarasi/image29_jpeg.rf.5d2aee6b6703e0c7d52400df8c59b60f.jpg,CATEGORY_PROXY_Banarasi,unknown_unannotated,train
train/Banarasi/image29_jpeg.rf.93864e28faa2ed1150433a265d09c896.jpg,CATEGORY_PROXY_Banarasi,unknown_unannotated,train
train/Banarasi/image30_jpeg.rf.4eac5cd253e56bea2990fb66b3da0a43.jpg,CATEGORY_PROXY_Banarasi,unknown_unannotated,train
train/Banarasi/image30_jpeg.rf.537794021cccd4be6903f99a07af072f.jpg,CATEGORY_PROXY_Banarasi,unknown_unannotated,train
train/Banarasi/image30_jpeg.rf.ed36498c44f219a8e779ba6684b7d654.jpg,CATEGORY_PROXY_Banarasi,unknown_unannotated,train
train/Banarasi/image32_jpeg.rf.75550e81737398d5e33ad07fec9dfd3a.jpg,CATEGORY_PROXY_Banarasi,unknown_unannotated,train
train/Banarasi/image32_jpeg.rf.84588d92c46676b4ee39ac30662e4794.jpg,CATEGORY_PROXY_Banarasi,unknown_unannotated,train
train/Banarasi/image32_jpeg.rf.e7b324c869d9312c22426370b76ed533.jpg,CATEGORY_PROXY_Banarasi,unknown_unannotated,train
train/Banarasi/image34_jpeg.rf.520027fdab37bf8a314b6656bc9f8230.jpg,CATEGORY_PROXY_Banarasi,unknown_unannotated,train
train/Banarasi/image34_jpeg.rf.9ad5535c987c9f9ead7abb15653150ab.jpg,CATEGORY_PROXY_Banarasi,unknown_unannotated,train
train/Banarasi/image34_jpeg.rf.f1d0b7214f7990c212920f1cbd5eb59a.jpg,CATEGORY_PROXY_Banarasi,unknown_unannotated,train
train/Banarasi/image5_jpeg.rf.39ed9190f927d4bb2b34e26577fcfcbb.jpg,CATEGORY_PROXY_Banarasi,unknown_unannotated,train
train/Banarasi/image5_jpeg.rf.900095cc3d4af1b765082c36b6781c3d.jpg,CATEGORY_PROXY_Banarasi,unknown_unannotated,train
train/Banarasi/image5_jpeg.rf.c091f3fd7cf532d5685d803aad4302f2.jpg,CATEGORY_PROXY_Banarasi,unknown_unannotated,train
train/Banarasi/image6_jpeg.rf.47aa2cd17d2e307b911ef9f8c39efc7f.jpg,CATEGORY_PROXY_Banarasi,unknown_unannotated,train
train/Banarasi/image6_jpeg.rf.7c1f859c15b92cc75e62a0629c37009a.jpg,CATEGORY_PROXY_Banarasi,unknown_unannotated,train
train/Banarasi/image6_jpeg.rf.a2ff8249c6f035799ded086ff436033a.jpg,CATEGORY_PROXY_Banarasi,unknown_unannotated,train
train/Banarasi/image8_jpeg.rf.0d657092523e97bb69358c1a572f91e1.jpg,CATEGORY_PROXY_Banarasi,unknown_unannotated,train
train/Banarasi/image8_jpeg.rf.1c364291033c7f19e566ded8e4dfbcc1.jpg,CATEGORY_PROXY_Banarasi,unknown_unannotated,train
train/Banarasi/image8_jpeg.rf.e5eb50a55cd365f78ed049d63c6eba58.jpg,CATEGORY_PROXY_Banarasi,unknown_unannotated,train
train/Banarasi/image_jpeg.rf.24b24491539c60ff45d7c14c5406b749.jpg,CATEGORY_PROXY_Banarasi,unknown_unannotated,train
train/Banarasi/image_jpeg.rf.792bdc8d24c128130fb6d1ccac41b8a0.jpg,CATEGORY_PROXY_Banarasi,unknown_unannotated,train
train/Banarasi/image_jpeg.rf.eea51ea1100a5b19210db38b3495e97d.jpg,CATEGORY_PROXY_Banarasi,unknown_unannotated,train
train/Banarasi/images102_jpg.rf.64d528cd11388183db6d78e77c939bb7.jpg,CATEGORY_PROXY_Banarasi,unknown_unannotated,train
train/Banarasi/images102_jpg.rf.b76a13c06c887330169ee6d4679cfdf4.jpg,CATEGORY_PROXY_Banarasi,unknown_unannotated,train
train/Banarasi/images102_jpg.rf.e8a330eb9b3f92d238a733d9b31c1311.jpg,CATEGORY_PROXY_Banarasi,unknown_unannotated,train
train/Banarasi/images103_jpg.rf.51f7a11eec23c0049b75e5962292ef26.jpg,CATEGORY_PROXY_Banarasi,unknown_unannotated,train
train/Banarasi/images103_jpg.rf.68b1e44102771a3eda0f2059321c9f49.jpg,CATEGORY_PROXY_Banarasi,unknown_unannotated,train
train/Banarasi/images103_jpg.rf.ed80ad5f1641dea47eb6088f10d23aed.jpg,CATEGORY_PROXY_Banarasi,unknown_unannotated,train
train/Banarasi/images104_jpg.rf.8d9623a70f7edc89a41cf2a7a6ea3231.jpg,CATEGORY_PROXY_Banarasi,unknown_unannotated,train
train/Banarasi/images104_jpg.rf.9f9345d64118ad536dbb9c825117410d.jpg,CATEGORY_PROXY_Banarasi,unknown_unannotated,train
train/Banarasi/images104_jpg.rf.fcefd663b16eaf873055a0a287ca1fa4.jpg,CATEGORY_PROXY_Banarasi,unknown_unannotated,train
train/Banarasi/images105_jpg.rf.0aae454fcc8ecac5c6f60a0933a5e8fb.jpg,CATEGORY_PROXY_Banarasi,unknown_unannotated,train
train/Banarasi/images105_jpg.rf.1b29c8abc831ca0e7a470e47bf5c2f6c.jpg,CATEGORY_PROXY_Banarasi,unknown_unannotated,train
train/Banarasi/images105_jpg.rf.275afa60fd43e7412ad7a4a938741c6a.jpg,CATEGORY_PROXY_Banarasi,unknown_unannotated,train
train/Banarasi/images107_jpg.rf.1b515ca21294bcfdfaabf562930e1277.jpg,CATEGORY_PROXY_Banarasi,unknown_unannotated,train
train/Banarasi/images107_jpg.rf.40283f4b5da6424dea3ba0923362b121.jpg,CATEGORY_PROXY_Banarasi,unknown_unannotated,train
train/Banarasi/images107_jpg.rf.d4b8d7d69d9aa9ddace2af3042d4f493.jpg,CATEGORY_PROXY_Banarasi,unknown_unannotated,train
train/Banarasi/images108_jpg.rf.8a48361ff5504f182e29347383839041.jpg,CATEGORY_PROXY_Banarasi,unknown_unannotated,train
train/Banarasi/images108_jpg.rf.b29227d329a4129cb3dc13a938c8746d.jpg,CATEGORY_PROXY_Banarasi,unknown_unannotated,train
train/Banarasi/images108_jpg.rf.eb796d431e5faf8571a0811170fe83e7.jpg,CATEGORY_PROXY_Banarasi,unknown_unannotated,train
train/Banarasi/images109_jpg.rf.6cbfe006f737adde221e0303d8535601.jpg,CATEGORY_PROXY_Banarasi,unknown_unannotated,train
train/Banarasi/images109_jpg.rf.e701bd48b99920a95a3c217e8ba3676e.jpg,CATEGORY_PROXY_Banarasi,unknown_unannotated,train
train/Banarasi/images109_jpg.rf.f46f55ab6a54e52f9b5bf3d420b5fcfa.jpg,CATEGORY_PROXY_Banarasi,unknown_unannotated,train
train/Banarasi/images10_jpg.rf.4fba8b61953074f2e2ec9c12c3e4396f.jpg,CATEGORY_PROXY_Banarasi,unknown_unannotated,train
train/Banarasi/images10_jpg.rf.60cb07e0a794358db48709dac733a6e3.jpg,CATEGORY_PROXY_Banarasi,unknown_unannotated,train
train/Banarasi/images10_jpg.rf.801bc21dd1c27236472037920c02e7c8.jpg,CATEGORY_PROXY_Banarasi,unknown_unannotated,train
train/Banarasi/images114_jpg.rf.125ebb587997c9bf2b860101a9ac4c2b.jpg,CATEGORY_PROXY_Banarasi,unknown_unannotated,train
train/Banarasi/images114_jpg.rf.27e894505fadb31b6a248c7a31ccc201.jpg,CATEGORY_PROXY_Banarasi,unknown_unannotated,train
train/Banarasi/images114_jpg.rf.e27475a602f79f3919db80be48a37fc9.jpg,CATEGORY_PROXY_Banarasi,unknown_unannotated,train
train/Banarasi/images115_jpg.rf.2cf6dcf7207b9118fa3aa8607a25e37d.jpg,CATEGORY_PROXY_Banarasi,unknown_unannotated,train
train/Banarasi/images115_jpg.rf.ed775f7aecbc316414d19eee3db6613e.jpg,CATEGORY_PROXY_Banarasi,unknown_unannotated,train
train/Banarasi/images115_jpg.rf.f9e5582998ed322c976188373f84946a.jpg,CATEGORY_PROXY_Banarasi,unknown_unannotated,train
train/Banarasi/images116_jpg.rf.4e2184726fe682a1ca9568d8b296c560.jpg,CATEGORY_PROXY_Banarasi,unknown_unannotated,train
train/Banarasi/images116_jpg.rf.96e12bb5b9456789305fb6976e602997.jpg,CATEGORY_PROXY_Banarasi,unknown_unannotated,train
train/Banarasi/images116_jpg.rf.df6a68f4825e959230629f12bee89250.jpg,CATEGORY_PROXY_Banarasi,unknown_unannotated,train
train/Banarasi/images11_jpg.rf.42a742d46731e47aa3f7f1f13c3f68e3.jpg,CATEGORY_PROXY_Banarasi,unknown_unannotated,train
train/Banarasi/images11_jpg.rf.5ca78cbaeb1e3f8aa1353874882a9e20.jpg,CATEGORY_PROXY_Banarasi,unknown_unannotated,train
train/Banarasi/images11_jpg.rf.6be72cf8963f30448aa9b2bb7d0e82ee.jpg,CATEGORY_PROXY_Banarasi,unknown_unannotated,train
train/Banarasi/images125_jpg.rf.08f536fb9f8a3fa56c58ef43826c54df.jpg,CATEGORY_PROXY_Banarasi,unknown_unannotated,train
train/Banarasi/images125_jpg.rf.671ba703a6ec33feb9f2e198112f54ee.jpg,CATEGORY_PROXY_Banarasi,unknown_unannotated,train
train/Banarasi/images125_jpg.rf.dbbd791ebdcb775d6aae9484aad3b2c2.jpg,CATEGORY_PROXY_Banarasi,unknown_unannotated,train
train/Banarasi/images128_jpg.rf.38a643728075ee04b862a5e981a6628d.jpg,CATEGORY_PROXY_Banarasi,unknown_unannotated,train
train/Banarasi/images128_jpg.rf.60952e8979ad62168dd89224caedd5d6.jpg,CATEGORY_PROXY_Banarasi,unknown_unannotated,train
train/Banarasi/images128_jpg.rf.aa5cb682a58c4fab5da027c5f8891a9b.jpg,CATEGORY_PROXY_Banarasi,unknown_unannotated,train
train/Banarasi/images130_jpg.rf.41644460df33c3b1f050574096c61617.jpg,CATEGORY_PROXY_Banarasi,unknown_unannotated,train
train/Banarasi/images130_jpg.rf.67813356cf45a2d06e5afad45fb93199.jpg,CATEGORY_PROXY_Banarasi,unknown_unannotated,train
train/Banarasi/images130_jpg.rf.91da2397795548f7c01c964f5bcf892e.jpg,CATEGORY_PROXY_Banarasi,unknown_unannotated,train
train/Banarasi/images132_jpg.rf.8265bfd068cbf0b3e189fbb79bcff8d2.jpg,CATEGORY_PROXY_Banarasi,unknown_unannotated,train
train/Banarasi/images132_jpg.rf.b18f67faab2667de3282c8621a26c8e5.jpg,CATEGORY_PROXY_Banarasi,unknown_unannotated,train
train/Banarasi/images132_jpg.rf.e2a5608f0b206fa55d5f335163df359f.jpg,CATEGORY_PROXY_Banarasi,unknown_unannotated,train
train/Banarasi/images133_jpg.rf.5a601502ca080e0b8374e06923dc2859.jpg,CATEGORY_PROXY_Banarasi,unknown_unannotated,train
train/Banarasi/images133_jpg.rf.724d99f5c5c6b2c568887c119b74aff1.jpg,CATEGORY_PROXY_Banarasi,unknown_unannotated,train
train/Banarasi/images133_jpg.rf.ee8819e3bcc2c02737d1e2d4973ca64e.jpg,CATEGORY_PROXY_Banarasi,unknown_unannotated,train
train/Banarasi/images134_jpg.rf.31305a88e46e6615bb2118f22003c79d.jpg,CATEGORY_PROXY_Banarasi,unknown_unannotated,train
train/Banarasi/images134_jpg.rf.c79602f8718635be43bb123fb3689707.jpg,CATEGORY_PROXY_Banarasi,unknown_unannotated,train
train/Banarasi/images134_jpg.rf.d86420036229b9944551b4ad04b8740a.jpg,CATEGORY_PROXY_Banarasi,unknown_unannotated,train
train/Banarasi/images136_jpg.rf.082bdfda2eb5363f3dcb3bd950c8165a.jpg,CATEGORY_PROXY_Banarasi,unknown_unannotated,train
train/Banarasi/images136_jpg.rf.8079d6e73bcd0b3954cf2e6027c4aefc.jpg,CATEGORY_PROXY_Banarasi,unknown_unannotated,train
train/Banarasi/images136_jpg.rf.d68bb548d453f1e01c74b8e6e7ebbfa4.jpg,CATEGORY_PROXY_Banarasi,unknown_unannotated,train
train/Banarasi/images137_jpg.rf.2d28614c087ef1a52e492a03e0a09e33.jpg,CATEGORY_PROXY_Banarasi,unknown_unannotated,train
train/Banarasi/images137_jpg.rf.98bf6425eddd6a374e163eda86696204.jpg,CATEGORY_PROXY_Banarasi,unknown_unannotated,train
train/Banarasi/images137_jpg.rf.fc362f6b66a44d7cb37f4e70efb94d80.jpg,CATEGORY_PROXY_Banarasi,unknown_unannotated,train
train/Banarasi/images13_jpg.rf.7e6d8f6fba496b4664735798a46be021.jpg,CATEGORY_PROXY_Banarasi,unknown_unannotated,train
train/Banarasi/images13_jpg.rf.b17650035a5212f1feacdeaea83854c2.jpg,CATEGORY_PROXY_Banarasi,unknown_unannotated,train
train/Banarasi/images13_jpg.rf.dbbd247da670831cf3506abf20f45562.jpg,CATEGORY_PROXY_Banarasi,unknown_unannotated,train
train/Banarasi/images143_jpg.rf.b081c11d6359c4c1d00da34f2a37b7a8.jpg,CATEGORY_PROXY_Banarasi,unknown_unannotated,train
train/Banarasi/images143_jpg.rf.c06345334ec45be2dd7930affef37093.jpg,CATEGORY_PROXY_Banarasi,unknown_unannotated,train
train/Banarasi/images143_jpg.rf.e25ee6dc8c2c9b7b9c3ec574021f1021.jpg,CATEGORY_PROXY_Banarasi,unknown_unannotated,train
train/Banarasi/images145_jpg.rf.43081cbeb1a47457193e901e40ad916e.jpg,CATEGORY_PROXY_Banarasi,unknown_unannotated,train
train/Banarasi/images145_jpg.rf.b05a9eaa4f02bcaad874b4cae5401488.jpg,CATEGORY_PROXY_Banarasi,unknown_unannotated,train
train/Banarasi/images145_jpg.rf.d9f652ca2271fb452519b17bfce19101.jpg,CATEGORY_PROXY_Banarasi,unknown_unannotated,train
train/Banarasi/images147_jpg.rf.dfd373eb50a8fd625b82cc5eb7d963fe.jpg,CATEGORY_PROXY_Banarasi,unknown_unannotated,train
train/Banarasi/images147_jpg.rf.e2d6f9aba4444babe91da5fdcef7f5ff.jpg,CATEGORY_PROXY_Banarasi,unknown_unannotated,train
train/Banarasi/images147_jpg.rf.f1aa60cd4f5824075b849319f413cd24.jpg,CATEGORY_PROXY_Banarasi,unknown_unannotated,train
train/Banarasi/images152_jpg.rf.8e67f0fedf42a5fb3b70742f4bf3b293.jpg,CATEGORY_PROXY_Banarasi,unknown_unannotated,train
train/Banarasi/images152_jpg.rf.e96b1334a723cc1010f96a7472ff5816.jpg,CATEGORY_PROXY_Banarasi,unknown_unannotated,train
train/Banarasi/images152_jpg.rf.fef0ffb11be9a55a5bfbb33f88eea38d.jpg,CATEGORY_PROXY_Banarasi,unknown_unannotated,train
train/Banarasi/images153_jpg.rf.49c550e5d15dbadf25ed92128adcc225.jpg,CATEGORY_PROXY_Banarasi,unknown_unannotated,train
train/Banarasi/images153_jpg.rf.a93830c76ec1a44681ecf644cc033855.jpg,CATEGORY_PROXY_Banarasi,unknown_unannotated,train
train/Banarasi/images153_jpg.rf.bb8c8419dfc2e7a2ee76e1a86d65a52e.jpg,CATEGORY_PROXY_Banarasi,unknown_unannotated,train
train/Banarasi/images156_jpg.rf.505a6754904bc7c14b1477edabc06a0b.jpg,CATEGORY_PROXY_Banarasi,unknown_unannotated,train
train/Banarasi/images156_jpg.rf.cfff0a9409345d049106eb14493f7c7e.jpg,CATEGORY_PROXY_Banarasi,unknown_unannotated,train
train/Banarasi/images156_jpg.rf.d8573b3f1c82d49610885e5062577c99.jpg,CATEGORY_PROXY_Banarasi,unknown_unannotated,train
train/Banarasi/images158_jpg.rf.4dd0907b7a8dcc06abc9b2f2a9898c07.jpg,CATEGORY_PROXY_Banarasi,unknown_unannotated,train
train/Banarasi/images158_jpg.rf.8ce382162ac0b1587c04012600e2ddcf.jpg,CATEGORY_PROXY_Banarasi,unknown_unannotated,train
train/Banarasi/images158_jpg.rf.91f5db241cae86c9ff5f96e73780bebe.jpg,CATEGORY_PROXY_Banarasi,unknown_unannotated,train
train/Banarasi/images161_jpg.rf.1e4a7aa67926ab71366fdd13969a0c0a.jpg,CATEGORY_PROXY_Banarasi,unknown_unannotated,train
train/Banarasi/images161_jpg.rf.92800cb77ca5f6a087c7e05909ff3308.jpg,CATEGORY_PROXY_Banarasi,unknown_unannotated,train
train/Banarasi/images161_jpg.rf.9fb70ce883536dc81f1c4675b1644bf7.jpg,CATEGORY_PROXY_Banarasi,unknown_unannotated,train
train/Banarasi/images163_jpg.rf.82d3abf45287d4ff49e1f42dd0396cd4.jpg,CATEGORY_PROXY_Banarasi,unknown_unannotated,train
train/Banarasi/images163_jpg.rf.e9d2644af86b726dbb9e37fcae94d0dc.jpg,CATEGORY_PROXY_Banarasi,unknown_unannotated,train
train/Banarasi/images163_jpg.rf.f46318a8403667e13f0ac095968890c2.jpg,CATEGORY_PROXY_Banarasi,unknown_unannotated,train
train/Banarasi/images165_jpg.rf.1c47f8b929efb0ce5b2c58020497f4fd.jpg,CATEGORY_PROXY_Banarasi,unknown_unannotated,train
train/Banarasi/images165_jpg.rf.3641c1f7d57f841390829028f1dc3e5c.jpg,CATEGORY_PROXY_Banarasi,unknown_unannotated,train
train/Banarasi/images165_jpg.rf.a0dfe5c77a90e724e553b05a243b545d.jpg,CATEGORY_PROXY_Banarasi,unknown_unannotated,train
train/Banarasi/images169_jpg.rf.0a7d30ac4d4a731430ebca63062c82b6.jpg,CATEGORY_PROXY_Banarasi,unknown_unannotated,train
train/Banarasi/images169_jpg.rf.55d29f572c8370b7b355d9e61ed039f3.jpg,CATEGORY_PROXY_Banarasi,unknown_unannotated,train
train/Banarasi/images169_jpg.rf.8ef2a9172d75dc28b37f99acb93f8dfe.jpg,CATEGORY_PROXY_Banarasi,unknown_unannotated,train
train/Banarasi/images16_jpg.rf.8af227dd4050d55f5c8d120339315b65.jpg,CATEGORY_PROXY_Banarasi,unknown_unannotated,train
train/Banarasi/images16_jpg.rf.aefe5299efcff5f76cee5b6661e09ab5.jpg,CATEGORY_PROXY_Banarasi,unknown_unannotated,train
train/Banarasi/images16_jpg.rf.db40ea3d983ece3669f8ac9f32d0e6b7.jpg,CATEGORY_PROXY_Banarasi,unknown_unannotated,train
train/Banarasi/images170_jpg.rf.60f175403ad1c7b5a35b4b2b236c2367.jpg,CATEGORY_PROXY_Banarasi,unknown_unannotated,train
train/Banarasi/images170_jpg.rf.857dec9f1f38be031b756ebec9f61891.jpg,CATEGORY_PROXY_Banarasi,unknown_unannotated,train
train/Banarasi/images170_jpg.rf.c45e5475901cd3ce3a6694e3b16dafd8.jpg,CATEGORY_PROXY_Banarasi,unknown_unannotated,train
train/Banarasi/images174_jpg.rf.6059086dfc8148243b15e171b72581ac.jpg,CATEGORY_PROXY_Banarasi,unknown_unannotated,train
train/Banarasi/images174_jpg.rf.6502b253ca2475ee963a94a8a469ca6b.jpg,CATEGORY_PROXY_Banarasi,unknown_unannotated,train
train/Banarasi/images174_jpg.rf.eae3d1623354c6103d86d6a4116a91bb.jpg,CATEGORY_PROXY_Banarasi,unknown_unannotated,train
train/Banarasi/images175_jpg.rf.43a5974598c88efc8e006e03a0fd867b.jpg,CATEGORY_PROXY_Banarasi,unknown_unannotated,train
train/Banarasi/images175_jpg.rf.856a2d91a0c766c7bc8c93bc8fe72cd1.jpg,CATEGORY_PROXY_Banarasi,unknown_unannotated,train
train/Banarasi/images175_jpg.rf.af0c17297c81ddf605673058022d235b.jpg,CATEGORY_PROXY_Banarasi,unknown_unannotated,train
train/Banarasi/images176_jpg.rf.25a9b89c0ce3cbd2e8573e868f713ca5.jpg,CATEGORY_PROXY_Banarasi,unknown_unannotated,train
train/Banarasi/images176_jpg.rf.be49e339264dfef0c7b588d731bfb5fb.jpg,CATEGORY_PROXY_Banarasi,unknown_unannotated,train
train/Banarasi/images176_jpg.rf.e0af7ada0ff4824674050c51e5d1df99.jpg,CATEGORY_PROXY_Banarasi,unknown_unannotated,train
train/Banarasi/images178_jpg.rf.62c8129d026008ca34dd768d2ed0e5b9.jpg,CATEGORY_PROXY_Banarasi,unknown_unannotated,train
train/Banarasi/images178_jpg.rf.7f0f36b4af9928b1d3a3b035739bdf74.jpg,CATEGORY_PROXY_Banarasi,unknown_unannotated,train
train/Banarasi/images178_jpg.rf.dc077aea029ae0af66696c7bbd3bc2fa.jpg,CATEGORY_PROXY_Banarasi,unknown_unannotated,train
train/Banarasi/images22_jpg.rf.056a47dfc381a9ee20624c888577bcbc.jpg,CATEGORY_PROXY_Banarasi,unknown_unannotated,train
train/Banarasi/images22_jpg.rf.14417130dc0319c2152a489df781c439.jpg,CATEGORY_PROXY_Banarasi,unknown_unannotated,train
train/Banarasi/images22_jpg.rf.a80b90db596fbdd4f401bc486c4a57d7.jpg,CATEGORY_PROXY_Banarasi,unknown_unannotated,train
train/Banarasi/images27_jpg.rf.03d463e5808a105fa31dfa05b0dc81f9.jpg,CATEGORY_PROXY_Banarasi,unknown_unannotated,train
train/Banarasi/images27_jpg.rf.2cbee37d4edf75e7b55035de52d0a51a.jpg,CATEGORY_PROXY_Banarasi,unknown_unannotated,train
train/Banarasi/images27_jpg.rf.41aec72497f33643b31a0f4af4543f36.jpg,CATEGORY_PROXY_Banarasi,unknown_unannotated,train
train/Banarasi/images31_jpg.rf.8781add40ab1f235f19ba2ef7032cc37.jpg,CATEGORY_PROXY_Banarasi,unknown_unannotated,train
train/Banarasi/images31_jpg.rf.c592bca90754534dca9ff03332f5cb43.jpg,CATEGORY_PROXY_Banarasi,unknown_unannotated,train
train/Banarasi/images31_jpg.rf.f96c28091b113c1dcca186ff9313b93b.jpg,CATEGORY_PROXY_Banarasi,unknown_unannotated,train
train/Banarasi/images32_jpg.rf.0dfa3112d4d3c35a13be5b855ed69a82.jpg,CATEGORY_PROXY_Banarasi,unknown_unannotated,train
train/Banarasi/images32_jpg.rf.eb22f1ba833ebfed60e38b596e8bea19.jpg,CATEGORY_PROXY_Banarasi,unknown_unannotated,train
train/Banarasi/images32_jpg.rf.ec884adf3ad5c772ea437aa8a7164939.jpg,CATEGORY_PROXY_Banarasi,unknown_unannotated,train
train/Banarasi/images33_jpg.rf.23b904d721b487ad0b621bb11bb9e02f.jpg,CATEGORY_PROXY_Banarasi,unknown_unannotated,train
train/Banarasi/images33_jpg.rf.51a4805894fd6592b87b7c1435098478.jpg,CATEGORY_PROXY_Banarasi,unknown_unannotated,train
train/Banarasi/images33_jpg.rf.e217b54883f6b51dc675644d13a0c2b6.jpg,CATEGORY_PROXY_Banarasi,unknown_unannotated,train
train/Banarasi/images34_jpg.rf.38272266ac71e0802a9d44d015722ad9.jpg,CATEGORY_PROXY_Banarasi,unknown_unannotated,train
train/Banarasi/images34_jpg.rf.43a38490fe424185888c93dd635101cf.jpg,CATEGORY_PROXY_Banarasi,unknown_unannotated,train
train/Banarasi/images34_jpg.rf.b3f1fbe6f59cf6ceebea8c5b48071297.jpg,CATEGORY_PROXY_Banarasi,unknown_unannotated,train
train/Banarasi/images36_jpg.rf.1acc41f26748c784f3890b39ae1a6154.jpg,CATEGORY_PROXY_Banarasi,unknown_unannotated,train
train/Banarasi/images36_jpg.rf.23a0e08774e55fbade1d4fe281a30e6b.jpg,CATEGORY_PROXY_Banarasi,unknown_unannotated,train
train/Banarasi/images36_jpg.rf.5abb9d95e5b950f1061e6261dc6e90b4.jpg,CATEGORY_PROXY_Banarasi,unknown_unannotated,train
train/Banarasi/images37_jpg.rf.2e18c4e6dd30ba0831e1572f6f8102a1.jpg,CATEGORY_PROXY_Banarasi,unknown_unannotated,train
train/Banarasi/images37_jpg.rf.b01ca8af3e5e42723ab1a7f432bfc0a3.jpg,CATEGORY_PROXY_Banarasi,unknown_unannotated,train
train/Banarasi/images37_jpg.rf.fa613a5abb848deae78738bb133b06c3.jpg,CATEGORY_PROXY_Banarasi,unknown_unannotated,train
train/Banarasi/images39_jpg.rf.2278a1a2e45b267b208b3c2a8ebe3ef6.jpg,CATEGORY_PROXY_Banarasi,unknown_unannotated,train
train/Banarasi/images39_jpg.rf.5d489587218e2a3a0f5f1d4a42872998.jpg,CATEGORY_PROXY_Banarasi,unknown_unannotated,train
train/Banarasi/images39_jpg.rf.d0b5ef5edd7a579548ea98739dea2230.jpg,CATEGORY_PROXY_Banarasi,unknown_unannotated,train
train/Banarasi/images3_jpg.rf.3d450f76dbcb706d1d79b9d591952978.jpg,CATEGORY_PROXY_Banarasi,unknown_unannotated,train
train/Banarasi/images3_jpg.rf.735efc785e22bda814926e2e7564c5a7.jpg,CATEGORY_PROXY_Banarasi,unknown_unannotated,train
train/Banarasi/images3_jpg.rf.bd1d9eaf138fe922eba2472187d2f02c.jpg,CATEGORY_PROXY_Banarasi,unknown_unannotated,train
train/Banarasi/images42_jpg.rf.5b7f68c31bb175408841a65ecb6110a1.jpg,CATEGORY_PROXY_Banarasi,unknown_unannotated,train
train/Banarasi/images42_jpg.rf.6b45c8728ef42529431088f6a00989e0.jpg,CATEGORY_PROXY_Banarasi,unknown_unannotated,train
train/Banarasi/images42_jpg.rf.f51497705b1aa00fcd553c03ebfb877e.jpg,CATEGORY_PROXY_Banarasi,unknown_unannotated,train
train/Banarasi/images44_jpg.rf.2978d92b7fe407b160d476000f9b6a50.jpg,CATEGORY_PROXY_Banarasi,unknown_unannotated,train
train/Banarasi/images44_jpg.rf.6ad1f0711635846fb600e2c1aed7a57a.jpg,CATEGORY_PROXY_Banarasi,unknown_unannotated,train
train/Banarasi/images44_jpg.rf.c6beac41a3e9bd620367c0be22ffaf84.jpg,CATEGORY_PROXY_Banarasi,unknown_unannotated,train
train/Banarasi/images45_jpg.rf.09b32026a68dbf0f55c1f64c90caac99.jpg,CATEGORY_PROXY_Banarasi,unknown_unannotated,train
train/Banarasi/images45_jpg.rf.fa449ce6541293d7041ab5f6fa1cd742.jpg,CATEGORY_PROXY_Banarasi,unknown_unannotated,train
train/Banarasi/images45_jpg.rf.fc4daf14689fb0b89e20e0094858f007.jpg,CATEGORY_PROXY_Banarasi,unknown_unannotated,train
train/Banarasi/images46_jpg.rf.062e7b01baadf52ffd6e44a138d7b454.jpg,CATEGORY_PROXY_Banarasi,unknown_unannotated,train
train/Banarasi/images46_jpg.rf.2977dcdb64f6701fac5ea5961acf7e5a.jpg,CATEGORY_PROXY_Banarasi,unknown_unannotated,train
train/Banarasi/images46_jpg.rf.4e2eaf3366d5b48fcdf1fbe7d0598daf.jpg,CATEGORY_PROXY_Banarasi,unknown_unannotated,train
train/Banarasi/images47_jpg.rf.300c2deb65bcaf51a1361b3ed31d1ea5.jpg,CATEGORY_PROXY_Banarasi,unknown_unannotated,train
train/Banarasi/images47_jpg.rf.7c06aa72f2198a80f40d34930611ed6b.jpg,CATEGORY_PROXY_Banarasi,unknown_unannotated,train
train/Banarasi/images47_jpg.rf.d9dffc8fde002ba9c3147034809a353f.jpg,CATEGORY_PROXY_Banarasi,unknown_unannotated,train
train/Banarasi/images49_jpg.rf.85810d83a6b6ddcf02dc7beb8205e98f.jpg,CATEGORY_PROXY_Banarasi,unknown_unannotated,train
train/Banarasi/images49_jpg.rf.9814b99bd704afecef8ad25bdccccc7a.jpg,CATEGORY_PROXY_Banarasi,unknown_unannotated,train
train/Banarasi/images49_jpg.rf.aa918f405274de1888a7e33cc8a5369e.jpg,CATEGORY_PROXY_Banarasi,unknown_unannotated,train
train/Banarasi/images4_jpg.rf.17a8139aef0ab166e5ae1e4b72230d27.jpg,CATEGORY_PROXY_Banarasi,unknown_unannotated,train
train/Banarasi/images4_jpg.rf.2431abc4d0c043ecfd654f1a3b9de171.jpg,CATEGORY_PROXY_Banarasi,unknown_unannotated,train
train/Banarasi/images4_jpg.rf.63a6f02c7460ee0af0c92dfb65c74a7d.jpg,CATEGORY_PROXY_Banarasi,unknown_unannotated,train
train/Banarasi/images50_jpg.rf.4194f9039be82e91a02591374c187879.jpg,CATEGORY_PROXY_Banarasi,unknown_unannotated,train
train/Banarasi/images50_jpg.rf.64a2093d0f2aa8e4a907507962061ca9.jpg,CATEGORY_PROXY_Banarasi,unknown_unannotated,train
train/Banarasi/images50_jpg.rf.883b89133863df5a86fb266b3c36cc63.jpg,CATEGORY_PROXY_Banarasi,unknown_unannotated,train
train/Banarasi/images53_jpg.rf.94bf7de5c443a29fe73397125ec9dbc6.jpg,CATEGORY_PROXY_Banarasi,unknown_unannotated,train
train/Banarasi/images53_jpg.rf.af67ae7453fb8698ad6a78c11e7ad46c.jpg,CATEGORY_PROXY_Banarasi,unknown_unannotated,train
train/Banarasi/images53_jpg.rf.cc4f19ebf298ddfc2dd7236325f556d3.jpg,CATEGORY_PROXY_Banarasi,unknown_unannotated,train
train/Banarasi/images56_jpg.rf.1977d9d8213dcf76d1ef89e1b27e9849.jpg,CATEGORY_PROXY_Banarasi,unknown_unannotated,train
train/Banarasi/images56_jpg.rf.68d1fcf48d21efc9fefda98e59879224.jpg,CATEGORY_PROXY_Banarasi,unknown_unannotated,train
train/Banarasi/images56_jpg.rf.b334b6e160af3a5854fcb28703c64e15.jpg,CATEGORY_PROXY_Banarasi,unknown_unannotated,train
train/Banarasi/images57_jpg.rf.648e1a56b71dc78bf6689261947bb165.jpg,CATEGORY_PROXY_Banarasi,unknown_unannotated,train
train/Banarasi/images57_jpg.rf.95bae88927041e6807c96dddcebab754.jpg,CATEGORY_PROXY_Banarasi,unknown_unannotated,train
train/Banarasi/images57_jpg.rf.f77d2a71b98bd43ebff65e275c8a9978.jpg,CATEGORY_PROXY_Banarasi,unknown_unannotated,train
train/Banarasi/images58_jpg.rf.22eebdc8a76412c7eaa6f1aeaa64b41a.jpg,CATEGORY_PROXY_Banarasi,unknown_unannotated,train
train/Banarasi/images58_jpg.rf.a79ebb7827552bcb2c9ddfe93699295a.jpg,CATEGORY_PROXY_Banarasi,unknown_unannotated,train
train/Banarasi/images58_jpg.rf.dc7e5a0a28c3bbf51ec30311c76616fc.jpg,CATEGORY_PROXY_Banarasi,unknown_unannotated,train
train/Banarasi/images59_jpg.rf.0fc3ae909d945cf714ed8eb008425e09.jpg,CATEGORY_PROXY_Banarasi,unknown_unannotated,train
train/Banarasi/images59_jpg.rf.b266524ea2f4222d7f1492686d8c9101.jpg,CATEGORY_PROXY_Banarasi,unknown_unannotated,train
train/Banarasi/images59_jpg.rf.fe2c334a8217a23cd71c2842a7cd05b2.jpg,CATEGORY_PROXY_Banarasi,unknown_unannotated,train
train/Banarasi/images5_jpg.rf.84059d95c347f08815b5cce4bf41adf8.jpg,CATEGORY_PROXY_Banarasi,unknown_unannotated,train
train/Banarasi/images5_jpg.rf.8b20480ee0911dd2d1c6e1b16d673a00.jpg,CATEGORY_PROXY_Banarasi,unknown_unannotated,train
train/Banarasi/images5_jpg.rf.8e69c0f08d6adc5444033014e1d225c7.jpg,CATEGORY_PROXY_Banarasi,unknown_unannotated,train
train/Banarasi/images63_jpg.rf.41935acd0e0ff0e8db61f4b0050c88de.jpg,CATEGORY_PROXY_Banarasi,unknown_unannotated,train
train/Banarasi/images63_jpg.rf.50d01106355b39a46c8edfca08c80d26.jpg,CATEGORY_PROXY_Banarasi,unknown_unannotated,train
train/Banarasi/images63_jpg.rf.dc3e336de67b89d26be64eca592e5f3d.jpg,CATEGORY_PROXY_Banarasi,unknown_unannotated,train
train/Banarasi/images69_jpg.rf.191e4f50403ebe4a771f1e726270de45.jpg,CATEGORY_PROXY_Banarasi,unknown_unannotated,train
train/Banarasi/images69_jpg.rf.2dbdbb4cc3be89442baa2cd2d64e82ed.jpg,CATEGORY_PROXY_Banarasi,unknown_unannotated,train
train/Banarasi/images69_jpg.rf.8d136f5e89ee0ed718cae5610c402558.jpg,CATEGORY_PROXY_Banarasi,unknown_unannotated,train
train/Banarasi/images6_jpg.rf.ae8ff67580fb5f05816fc3026c207d96.jpg,CATEGORY_PROXY_Banarasi,unknown_unannotated,train
train/Banarasi/images6_jpg.rf.d6b794bba23ff05b57eaefafff6e53cc.jpg,CATEGORY_PROXY_Banarasi,unknown_unannotated,train
train/Banarasi/images6_jpg.rf.f5029f29ce888a8d6dc7464e0d785927.jpg,CATEGORY_PROXY_Banarasi,unknown_unannotated,train
train/Banarasi/images70_jpg.rf.061b041ebf28a4b948e08d9321342351.jpg,CATEGORY_PROXY_Banarasi,unknown_unannotated,train
train/Banarasi/images70_jpg.rf.31f61db16ecfc39872a96ff9b21c365a.jpg,CATEGORY_PROXY_Banarasi,unknown_unannotated,train
train/Banarasi/images70_jpg.rf.ef41784b4ca083101823b4876f27f48a.jpg,CATEGORY_PROXY_Banarasi,unknown_unannotated,train
train/Banarasi/images71_jpg.rf.0f5727bd140ee608535d8232110f44da.jpg,CATEGORY_PROXY_Banarasi,unknown_unannotated,train
train/Banarasi/images71_jpg.rf.41ddcec4b3bd4e177917dcfab2ce7050.jpg,CATEGORY_PROXY_Banarasi,unknown_unannotated,train
train/Banarasi/images71_jpg.rf.e2dd4a3a283d90aade7a4a6db32cf2a8.jpg,CATEGORY_PROXY_Banarasi,unknown_unannotated,train
train/Banarasi/images75_jpg.rf.4a795814517b1bdf965c452a5391d051.jpg,CATEGORY_PROXY_Banarasi,unknown_unannotated,train
train/Banarasi/images75_jpg.rf.4dce37e530cc97875c87cddf82fcbf70.jpg,CATEGORY_PROXY_Banarasi,unknown_unannotated,train
train/Banarasi/images75_jpg.rf.7d37f1aae5ef6ed78bcc3622b7ef1242.jpg,CATEGORY_PROXY_Banarasi,unknown_unannotated,train
train/Banarasi/images76_jpg.rf.308d1cba4137ee83a4d47538304216ff.jpg,CATEGORY_PROXY_Banarasi,unknown_unannotated,train
train/Banarasi/images76_jpg.rf.41c305a7c6c0a8ee8c9804cef77b91c3.jpg,CATEGORY_PROXY_Banarasi,unknown_unannotated,train
train/Banarasi/images76_jpg.rf.fe76930b0949e7ddffa68e799984ad36.jpg,CATEGORY_PROXY_Banarasi,unknown_unannotated,train
train/Banarasi/images84_jpg.rf.22060d4ce9588ac15d6663a240561d7b.jpg,CATEGORY_PROXY_Banarasi,unknown_unannotated,train
train/Banarasi/images84_jpg.rf.2467ae90a680a0762d5d687772a813ab.jpg,CATEGORY_PROXY_Banarasi,unknown_unannotated,train
train/Banarasi/images84_jpg.rf.3ee9b85a794ced931cd764cc950c5f56.jpg,CATEGORY_PROXY_Banarasi,unknown_unannotated,train
train/Banarasi/images85_jpg.rf.193a52b2f5381789d2c896e5705fbf3b.jpg,CATEGORY_PROXY_Banarasi,unknown_unannotated,train
train/Banarasi/images85_jpg.rf.95e89da6399b530c0f007038cfb9a1b3.jpg,CATEGORY_PROXY_Banarasi,unknown_unannotated,train
train/Banarasi/images85_jpg.rf.96bdc3e4aca68de289fbf332b1564e83.jpg,CATEGORY_PROXY_Banarasi,unknown_unannotated,train
train/Banarasi/images90_jpg.rf.74b8996b953518e52f98dffee2720de4.jpg,CATEGORY_PROXY_Banarasi,unknown_unannotated,train
train/Banarasi/images90_jpg.rf.ccc5c694bc34a07d1761138c5c3d1f2f.jpg,CATEGORY_PROXY_Banarasi,unknown_unannotated,train
train/Banarasi/images90_jpg.rf.de88121ec0e716d6c1fd4d97029df30c.jpg,CATEGORY_PROXY_Banarasi,unknown_unannotated,train
train/Banarasi/images91_jpg.rf.13a85814f1707d66fd7dd432cf6101ec.jpg,CATEGORY_PROXY_Banarasi,unknown_unannotated,train
train/Banarasi/images91_jpg.rf.1e5377c180022989b5061175ec7dcc63.jpg,CATEGORY_PROXY_Banarasi,unknown_unannotated,train
train/Banarasi/images91_jpg.rf.8296536a8d4c739c6a551a4ca5c6c6cd.jpg,CATEGORY_PROXY_Banarasi,unknown_unannotated,train
train/Banarasi/images93_jpg.rf.310e3734b28ea3429654ff3cd362993f.jpg,CATEGORY_PROXY_Banarasi,unknown_unannotated,train
train/Banarasi/images93_jpg.rf.cf404d9d1cae8e0605049a811cfcf52f.jpg,CATEGORY_PROXY_Banarasi,unknown_unannotated,train
train/Banarasi/images93_jpg.rf.e71f4a9e0f1011e16dc9ebfe63cd6462.jpg,CATEGORY_PROXY_Banarasi,unknown_unannotated,train
train/Banarasi/images94_jpg.rf.34d67919b3e960da326fac8d377b72d3.jpg,CATEGORY_PROXY_Banarasi,unknown_unannotated,train
train/Banarasi/images94_jpg.rf.8379ada56feea15b4748cc0d0ac4679c.jpg,CATEGORY_PROXY_Banarasi,unknown_unannotated,train
train/Banarasi/images94_jpg.rf.ea6dc8f314f1c19937cc27a9a2a91d53.jpg,CATEGORY_PROXY_Banarasi,unknown_unannotated,train
train/Banarasi/images95_jpg.rf.645c53773336bdeeed20c4c27c1985dd.jpg,CATEGORY_PROXY_Banarasi,unknown_unannotated,train
train/Banarasi/images95_jpg.rf.98568d79c3fd3c60bc860215c87af437.jpg,CATEGORY_PROXY_Banarasi,unknown_unannotated,train
train/Banarasi/images95_jpg.rf.e4365a03d01bd3968b27f0dde3ba6d4b.jpg,CATEGORY_PROXY_Banarasi,unknown_unannotated,train
train/Banarasi/images96_jpg.rf.786b624de990a01d58ee317391d9dd78.jpg,CATEGORY_PROXY_Banarasi,unknown_unannotated,train
train/Banarasi/images96_jpg.rf.c7f389207634134e533d2463034f8970.jpg,CATEGORY_PROXY_Banarasi,unknown_unannotated,train
train/Banarasi/images96_jpg.rf.f94ed248697d4a945515dbac23287a44.jpg,CATEGORY_PROXY_Banarasi,unknown_unannotated,train
train/Banarasi/images99_jpg.rf.416d1c94bb9a6b14bcb65949b7810774.jpg,CATEGORY_PROXY_Banarasi,unknown_unannotated,train
train/Banarasi/images99_jpg.rf.9d76929021fb7e3478d27504d273df70.jpg,CATEGORY_PROXY_Banarasi,unknown_unannotated,train
train/Banarasi/images99_jpg.rf.fc64e4871eed1206368e1353e19c00e7.jpg,CATEGORY_PROXY_Banarasi,unknown_unannotated,train
train/Banarasi/images9_jpg.rf.4e6dfb01896238475c9b86c674934736.jpg,CATEGORY_PROXY_Banarasi,unknown_unannotated,train
train/Banarasi/images9_jpg.rf.6be764615c17aac3553c5f7c0eff76c4.jpg,CATEGORY_PROXY_Banarasi,unknown_unannotated,train
train/Banarasi/images9_jpg.rf.ba6ae197a3b4667c5b8b4c054561346b.jpg,CATEGORY_PROXY_Banarasi,unknown_unannotated,train
train/Banarasi/images_jpg.rf.58fd062691164a9cf62321c83103fabc.jpg,CATEGORY_PROXY_Banarasi,unknown_unannotated,train
train/Banarasi/images_jpg.rf.5aa9b050a4b7a54bcb01217cbf66bab1.jpg,CATEGORY_PROXY_Banarasi,unknown_unannotated,train
train/Banarasi/images_jpg.rf.8c5b917074b278b1b9f6a1a139cf2235.jpg,CATEGORY_PROXY_Banarasi,unknown_unannotated,train
train/Banarasi/img-8790-500x500_jpg.rf.8bc7ee4d6da3863a6ec5a3d963abbf3c.jpg,CATEGORY_PROXY_Banarasi,unknown_unannotated,train
train/Banarasi/img-8790-500x500_jpg.rf.acfce184a6c0642a404956c9a297bc3c.jpg,CATEGORY_PROXY_Banarasi,unknown_unannotated,train
train/Banarasi/img-8790-500x500_jpg.rf.c2162c383c81bdd50cf7c1cf89c0da0c.jpg,CATEGORY_PROXY_Banarasi,unknown_unannotated,train
train/Banarasi/IMG_5624_656c29db-1574-4393-bcb6-4bb543f9ab58_jpg.rf.12485a369bf08a0dde2f04374fb1918d.jpg,CATEGORY_PROXY_Banarasi,unknown_unannotated,train
train/Banarasi/IMG_5624_656c29db-1574-4393-bcb6-4bb543f9ab58_jpg.rf.74ad3087ce67708360bce523b2f9c363.jpg,CATEGORY_PROXY_Banarasi,unknown_unannotated,train
train/Banarasi/IMG_5624_656c29db-1574-4393-bcb6-4bb543f9ab58_jpg.rf.83a3872094d99ece43263605fdbeedf5.jpg,CATEGORY_PROXY_Banarasi,unknown_unannotated,train
train/Banarasi/IMG_E3698_f2513aa9-054c-4113-9f4d-8cf1431b967a_jpg.rf.57919d8875ec8e268bf11a77bd97feb7.jpg,CATEGORY_PROXY_Banarasi,unknown_unannotated,train
train/Banarasi/IMG_E3698_f2513aa9-054c-4113-9f4d-8cf1431b967a_jpg.rf.65e74f7c2e902b9fff32dcc0d96b146a.jpg,CATEGORY_PROXY_Banarasi,unknown_unannotated,train
train/Banarasi/IMG_E3698_f2513aa9-054c-4113-9f4d-8cf1431b967a_jpg.rf.8fd6a86c72dfaf1216a1a666a70ec65f.jpg,CATEGORY_PROXY_Banarasi,unknown_unannotated,train
train/Banarasi/IMG_E9610_2e0f7cd9-8c98-4cf9-8160-5825b57747c7_jpg.rf.3cc5187b7500e2f2c944332f553181aa.jpg,CATEGORY_PROXY_Banarasi,unknown_unannotated,train
train/Banarasi/IMG_E9610_2e0f7cd9-8c98-4cf9-8160-5825b57747c7_jpg.rf.51dd2c3e139c89da68a3295c47a6ec25.jpg,CATEGORY_PROXY_Banarasi,unknown_unannotated,train
train/Banarasi/IMG_E9610_2e0f7cd9-8c98-4cf9-8160-5825b57747c7_jpg.rf.c3f3da33f162254210779d63480df130.jpg,CATEGORY_PROXY_Banarasi,unknown_unannotated,train
train/Banarasi/IMG_E9634_jpg.rf.9a903d5774d811e48572c0973dd9e9f2.jpg,CATEGORY_PROXY_Banarasi,unknown_unannotated,train
train/Banarasi/IMG_E9634_jpg.rf.edb4e0771bc5503970631d0d6aefd940.jpg,CATEGORY_PROXY_Banarasi,unknown_unannotated,train
train/Banarasi/IMG_E9634_jpg.rf.fff369ae0b900e506031d2762253cc8e.jpg,CATEGORY_PROXY_Banarasi,unknown_unannotated,train
train/Banarasi/khinkhwab-brocade-default-title-floral-banarasi-semi-silk-border-fabric-18023041761442_jpg.rf.276fdcaa97a7e39fbc1a2a70a27af390.jpg,CATEGORY_PROXY_Banarasi,unknown_unannotated,train
train/Banarasi/khinkhwab-brocade-default-title-floral-banarasi-semi-silk-border-fabric-18023041761442_jpg.rf.356f2d2929f1556550dcd2fc22f23eb3.jpg,CATEGORY_PROXY_Banarasi,unknown_unannotated,train
train/Banarasi/khinkhwab-brocade-default-title-floral-banarasi-semi-silk-border-fabric-18023041761442_jpg.rf.805db0e2c7d10d12fd136b3a653b811a.jpg,CATEGORY_PROXY_Banarasi,unknown_unannotated,train
train/Banarasi/khinkhwab-brocade-default-title-red-banarasi-semi-silk-border-fabric-18022543130786_jpg.rf.1284a28a84ac375cec7a964f25c8fbf9.jpg,CATEGORY_PROXY_Banarasi,unknown_unannotated,train
train/Banarasi/khinkhwab-brocade-default-title-red-banarasi-semi-silk-border-fabric-18022543130786_jpg.rf.356ff4284b67c500e953c1f8fdda4e58.jpg,CATEGORY_PROXY_Banarasi,unknown_unannotated,train
train/Banarasi/khinkhwab-brocade-default-title-red-banarasi-semi-silk-border-fabric-18022543130786_jpg.rf.9fcbd09ca59ce14fd483a9522ee7bcfd.jpg,CATEGORY_PROXY_Banarasi,unknown_unannotated,train
train/Banarasi/Maroon_Handloom_Brocade_Fabric_FABN6285_1_jpg.rf.01ca03bc65f52c60cf78722e7953eeed.jpg,CATEGORY_PROXY_Banarasi,unknown_unannotated,train
train/Banarasi/Maroon_Handloom_Brocade_Fabric_FABN6285_1_jpg.rf.860d8511be3c9c92433f84cb5286c0a3.jpg,CATEGORY_PROXY_Banarasi,unknown_unannotated,train
train/Banarasi/Maroon_Handloom_Brocade_Fabric_FABN6285_1_jpg.rf.8c197f31bf09ceeecb9c6d667a987edb.jpg,CATEGORY_PROXY_Banarasi,unknown_unannotated,train
train/Banarasi/Maroon_Handloom_Brocade_Fabric_FABN6285_4_jpg.rf.39841b0069195c6f8083c69a12dc3caf.jpg,CATEGORY_PROXY_Banarasi,unknown_unannotated,train
train/Banarasi/Maroon_Handloom_Brocade_Fabric_FABN6285_4_jpg.rf.902ca98c7646210de3495649869ff8eb.jpg,CATEGORY_PROXY_Banarasi,unknown_unannotated,train
train/Banarasi/Maroon_Handloom_Brocade_Fabric_FABN6285_4_jpg.rf.b6c2bca260e20b1ba2cf13a535fbd7b3.jpg,CATEGORY_PROXY_Banarasi,unknown_unannotated,train
train/Banarasi/MG_0060_8b393798-e2f8-4237-bece-be74ba518a9c_jpg.rf.1d7821b9903c27c49187867b29b328f5.jpg,CATEGORY_PROXY_Banarasi,unknown_unannotated,train
train/Banarasi/MG_0060_8b393798-e2f8-4237-bece-be74ba518a9c_jpg.rf.6664e7409cb1c3435f8d5af7aa0a8225.jpg,CATEGORY_PROXY_Banarasi,unknown_unannotated,train
train/Banarasi/MG_0060_8b393798-e2f8-4237-bece-be74ba518a9c_jpg.rf.9b43ae1ea3be1add196d63ae8f5543f6.jpg,CATEGORY_PROXY_Banarasi,unknown_unannotated,train
train/Banarasi/MG_9603_jpg.rf.0cc2c3d231b84636669db186019b57ea.jpg,CATEGORY_PROXY_Banarasi,unknown_unannotated,train
train/Banarasi/MG_9603_jpg.rf.370a124ffc20aa23e476354ec16b6290.jpg,CATEGORY_PROXY_Banarasi,unknown_unannotated,train
train/Banarasi/MG_9603_jpg.rf.48f8c5a9eca47e389e6eccfd38f713aa.jpg,CATEGORY_PROXY_Banarasi,unknown_unannotated,train
train/Banarasi/Pink-and-Golden-Flower-Brocade-Banarasi-Fabric-8666_jpg.rf.04391cb605cef69dd1427b98609d1421.jpg,CATEGORY_PROXY_Banarasi,unknown_unannotated,train
train/Banarasi/Pink-and-Golden-Flower-Brocade-Banarasi-Fabric-8666_jpg.rf.3374159e08304a90b41f52e7d69d89fd.jpg,CATEGORY_PROXY_Banarasi,unknown_unannotated,train
train/Banarasi/Pink-and-Golden-Flower-Brocade-Banarasi-Fabric-8666_jpg.rf.4cdea93a91e983c57d1be27a6b435ae0.jpg,CATEGORY_PROXY_Banarasi,unknown_unannotated,train
train/Banarasi/R-TSBR02037-CREATIVE_jpg.rf.97ffa9249605de59da27a5837aadebae.jpg,CATEGORY_PROXY_Banarasi,unknown_unannotated,train
train/Banarasi/R-TSBR02037-CREATIVE_jpg.rf.a51d42d6c13eee12014713a76f579e48.jpg,CATEGORY_PROXY_Banarasi,unknown_unannotated,train
train/Banarasi/R-TSBR02037-CREATIVE_jpg.rf.a5626e85a7654d401d8d67d2f380c72b.jpg,CATEGORY_PROXY_Banarasi,unknown_unannotated,train
train/Banarasi/Red-Golden-Kinkhab-Banarasi-Silk-Fabric-12009_jpg.rf.6496a4b56d8b02443aa6dd1693f1368b.jpg,CATEGORY_PROXY_Banarasi,unknown_unannotated,train
train/Banarasi/Red-Golden-Kinkhab-Banarasi-Silk-Fabric-12009_jpg.rf.7f35851eb7ffc8f78d85f9355713baa3.jpg,CATEGORY_PROXY_Banarasi,unknown_unannotated,train
train/Banarasi/Red-Golden-Kinkhab-Banarasi-Silk-Fabric-12009_jpg.rf.db13a2d2e151a8995386a017a06be41b.jpg,CATEGORY_PROXY_Banarasi,unknown_unannotated,train
train/Banarasi/red-traditonal-banarasi-silk-brocade-fabric-2018415488-kfz42azv_jpg.rf.23279327685e1acfb64a0c358bad50cf.jpg,CATEGORY_PROXY_Banarasi,unknown_unannotated,train
train/Banarasi/red-traditonal-banarasi-silk-brocade-fabric-2018415488-kfz42azv_jpg.rf.49c14c1349b1805657cb65fc8f0f5c0f.jpg,CATEGORY_PROXY_Banarasi,unknown_unannotated,train
train/Banarasi/red-traditonal-banarasi-silk-brocade-fabric-2018415488-kfz42azv_jpg.rf.a6075884ca3c3ce5a317314aa042cb08.jpg,CATEGORY_PROXY_Banarasi,unknown_unannotated,train
train/Banarasi/sf40490b-saroj-fabrics-banarasi-silk-fabric_jpg.rf.2728f6e3bbd8b3f300b4f511430833dd.jpg,CATEGORY_PROXY_Banarasi,unknown_unannotated,train
train/Banarasi/sf40490b-saroj-fabrics-banarasi-silk-fabric_jpg.rf.5375d52ac2a56524298a065fd93587d0.jpg,CATEGORY_PROXY_Banarasi,unknown_unannotated,train
train/Banarasi/sf40490b-saroj-fabrics-banarasi-silk-fabric_jpg.rf.cacfa3867fe4dcace8b06722005f91d1.jpg,CATEGORY_PROXY_Banarasi,unknown_unannotated,train
train/Banarasi/sf40595-saroj-fabrics-purple-banarasi-fabric_jpg.rf.555e3e96d5d2ad851e7a9516e0e9c43e.jpg,CATEGORY_PROXY_Banarasi,unknown_unannotated,train
train/Banarasi/sf40595-saroj-fabrics-purple-banarasi-fabric_jpg.rf.5a6dd56c4256b1a895437551f60fa47a.jpg,CATEGORY_PROXY_Banarasi,unknown_unannotated,train
train/Banarasi/sf40595-saroj-fabrics-purple-banarasi-fabric_jpg.rf.f593782291de30e4585e773348321251.jpg,CATEGORY_PROXY_Banarasi,unknown_unannotated,train
train/Banarasi/sf40680-saroj-fabrics-pure-banarasi-fabric_jpg.rf.06d7eb6314385f9b48ec554a4031582a.jpg,CATEGORY_PROXY_Banarasi,unknown_unannotated,train
train/Banarasi/sf40680-saroj-fabrics-pure-banarasi-fabric_jpg.rf.8cd8e0fdc6d98af7cb8707508bc4215e.jpg,CATEGORY_PROXY_Banarasi,unknown_unannotated,train
train/Banarasi/sf40680-saroj-fabrics-pure-banarasi-fabric_jpg.rf.a8969afcfbae606c4746184bc00cbd1f.jpg,CATEGORY_PROXY_Banarasi,unknown_unannotated,train
train/Banarasi/sf40681-saroj-fabrics-pure-banarasi-fabric_jpg.rf.687d23c006dbb3e3123ccccc46424fe5.jpg,CATEGORY_PROXY_Banarasi,unknown_unannotated,train
train/Banarasi/sf40681-saroj-fabrics-pure-banarasi-fabric_jpg.rf.d47131292824bfb921f9db2465237890.jpg,CATEGORY_PROXY_Banarasi,unknown_unannotated,train
train/Banarasi/sf40681-saroj-fabrics-pure-banarasi-fabric_jpg.rf.fd4ad4a51515a4c21bb48ceba5ff8c49.jpg,CATEGORY_PROXY_Banarasi,unknown_unannotated,train
train/Banarasi/sfj48245_jpg.rf.39a3025f98f27cfb03da805dd85f1bbb.jpg,CATEGORY_PROXY_Banarasi,unknown_unannotated,train
train/Banarasi/sfj48245_jpg.rf.7f49dc299e39790aad71f090d3c0f952.jpg,CATEGORY_PROXY_Banarasi,unknown_unannotated,train
train/Banarasi/sfj48245_jpg.rf.c73c1458e657197026ae63fea467597a.jpg,CATEGORY_PROXY_Banarasi,unknown_unannotated,train
train/Banarasi/sfk45002a-saroj-fabrics-banarasi-silk-fabric_jpg.rf.07421128ea92b98df201e6f308736518.jpg,CATEGORY_PROXY_Banarasi,unknown_unannotated,train
train/Banarasi/sfk45002a-saroj-fabrics-banarasi-silk-fabric_jpg.rf.08dbaae4a62605d6756b1e504e4b3420.jpg,CATEGORY_PROXY_Banarasi,unknown_unannotated,train
train/Banarasi/sfk45002a-saroj-fabrics-banarasi-silk-fabric_jpg.rf.80c4804a8db145eecd443d9448248f4c.jpg,CATEGORY_PROXY_Banarasi,unknown_unannotated,train
train/Banarasi/Sky-Blue-Golden-Kinkhab-Banarasi-Silk-Fabric-9331_jpg.rf.5d662ed8d02d926d6ffe341afe0b0ed5.jpg,CATEGORY_PROXY_Banarasi,unknown_unannotated,train
train/Banarasi/Sky-Blue-Golden-Kinkhab-Banarasi-Silk-Fabric-9331_jpg.rf.8f1592309a9ba54c0906eec0f7f01bdd.jpg,CATEGORY_PROXY_Banarasi,unknown_unannotated,train
train/Banarasi/Sky-Blue-Golden-Kinkhab-Banarasi-Silk-Fabric-9331_jpg.rf.ca592aa4bbb9e0876b64b934dfa48c43.jpg,CATEGORY_PROXY_Banarasi,unknown_unannotated,train
train/Banarasi/T256-PureKatanSilkBanarasiHandloomFabric-4721_1200x_jpg.rf.4680d39dbc182a546ce774800b038ff9.jpg,CATEGORY_PROXY_Banarasi,unknown_unannotated,train
train/Banarasi/T256-PureKatanSilkBanarasiHandloomFabric-4721_1200x_jpg.rf.4f729e9c8a28efd7c9216a2b32b0f03e.jpg,CATEGORY_PROXY_Banarasi,unknown_unannotated,train
train/Banarasi/T256-PureKatanSilkBanarasiHandloomFabric-4721_1200x_jpg.rf.d5a13a3d3f45069d2e032735bc011340.jpg,CATEGORY_PROXY_Banarasi,unknown_unannotated,train
train/Banarasi/T310-PureSatinSilkBanarasiShikargahFabricDeepPurple-_5140_1200x_jpg.rf.05fd568b0e5a8a3c01df1625909d834b.jpg,CATEGORY_PROXY_Banarasi,unknown_unannotated,train
train/Banarasi/T310-PureSatinSilkBanarasiShikargahFabricDeepPurple-_5140_1200x_jpg.rf.deb740f7023b75ec8fae521b30ea91d7.jpg,CATEGORY_PROXY_Banarasi,unknown_unannotated,train
train/Banarasi/T310-PureSatinSilkBanarasiShikargahFabricDeepPurple-_5140_1200x_jpg.rf.f4f9612504b7d64b1704d12ad8d1112f.jpg,CATEGORY_PROXY_Banarasi,unknown_unannotated,train
train/Banarasi/T380-PureKatanSilkBanarasiHandloomFabricThaanYardageMaroon-9845_1200x_jpg.rf.3cce315d3049073f0707aa39b1467922.jpg,CATEGORY_PROXY_Banarasi,unknown_unannotated,train
train/Banarasi/T380-PureKatanSilkBanarasiHandloomFabricThaanYardageMaroon-9845_1200x_jpg.rf.ca46776a1f468bcd3ed053efcba526b9.jpg,CATEGORY_PROXY_Banarasi,unknown_unannotated,train
train/Banarasi/T380-PureKatanSilkBanarasiHandloomFabricThaanYardageMaroon-9845_1200x_jpg.rf.d3ea6acf903fa84c88c1472fa83b2586.jpg,CATEGORY_PROXY_Banarasi,unknown_unannotated,train
train/Banarasi/T465-PureSatinSilkShikargahBanarasiFabricDarkGreen-4331_1200x_jpg.rf.5ca02482b2365ed003b4ae8937882587.jpg,CATEGORY_PROXY_Banarasi,unknown_unannotated,train
train/Banarasi/T465-PureSatinSilkShikargahBanarasiFabricDarkGreen-4331_1200x_jpg.rf.ecd9c0ae2d2082558c84058b71fef941.jpg,CATEGORY_PROXY_Banarasi,unknown_unannotated,train
train/Banarasi/T465-PureSatinSilkShikargahBanarasiFabricDarkGreen-4331_1200x_jpg.rf.fdcaca9f9612a33285b79374c5d58cec.jpg,CATEGORY_PROXY_Banarasi,unknown_unannotated,train
train/Bandhani/075A0970_2d452e62-cbfe-4291-a29d-c1fd59ba46fe_11zon_jpg.rf.54793da65c06e32dfba9d09ec315c10b.jpg,CATEGORY_PROXY_Bandhani,unknown_unannotated,train
train/Bandhani/075A0970_2d452e62-cbfe-4291-a29d-c1fd59ba46fe_11zon_jpg.rf.dd49dd69b1df8a80199f651629f21d52.jpg,CATEGORY_PROXY_Bandhani,unknown_unannotated,train
train/Bandhani/075A0970_2d452e62-cbfe-4291-a29d-c1fd59ba46fe_11zon_jpg.rf.fcb024a9c447489de1aadac54c260ef9.jpg,CATEGORY_PROXY_Bandhani,unknown_unannotated,train
train/Bandhani/1-43_jpg.rf.13358f73178dd75abd575ca870a7ee70.jpg,CATEGORY_PROXY_Bandhani,unknown_unannotated,train
train/Bandhani/1-43_jpg.rf.54a98f916616518ff853949822c79a61.jpg,CATEGORY_PROXY_Bandhani,unknown_unannotated,train
train/Bandhani/1-43_jpg.rf.8326af1c843d1d9c3f5557787cf8da5b.jpg,CATEGORY_PROXY_Bandhani,unknown_unannotated,train
train/Bandhani/100236239b-640x640_jpg.rf.16541fa28825cbbd41b4c2b68a9c434d.jpg,CATEGORY_PROXY_Bandhani,unknown_unannotated,train
train/Bandhani/100236239b-640x640_jpg.rf.68da194f62eec620836d99aafe1e92aa.jpg,CATEGORY_PROXY_Bandhani,unknown_unannotated,train
train/Bandhani/100236239b-640x640_jpg.rf.d775dae6a9072482e9fa0ac569abb07a.jpg,CATEGORY_PROXY_Bandhani,unknown_unannotated,train
train/Bandhani/100236239c-640x640_jpg.rf.3bc25abf2176112168996318b72db00a.jpg,CATEGORY_PROXY_Bandhani,unknown_unannotated,train
train/Bandhani/100236239c-640x640_jpg.rf.5c1fcd6bdca5c6e527e0e772763d5b2a.jpg,CATEGORY_PROXY_Bandhani,unknown_unannotated,train
train/Bandhani/100236239c-640x640_jpg.rf.7871435622d9d2b1bd2345d0e84a3d11.jpg,CATEGORY_PROXY_Bandhani,unknown_unannotated,train
train/Bandhani/20210407_103036-480x480_jpg.rf.0edc4da9daa1694820add04d2e201a8c.jpg,CATEGORY_PROXY_Bandhani,unknown_unannotated,train
train/Bandhani/20210407_103036-480x480_jpg.rf.92f83d9aaf59296fb89fe59689a46491.jpg,CATEGORY_PROXY_Bandhani,unknown_unannotated,train
train/Bandhani/20210407_103036-480x480_jpg.rf.d02191fc1e5e8d190adac73f57ba060c.jpg,CATEGORY_PROXY_Bandhani,unknown_unannotated,train
train/Bandhani/20211105-170537_jpg.rf.adf4521e7573daa190eadbe29983a08e.jpg,CATEGORY_PROXY_Bandhani,unknown_unannotated,train
train/Bandhani/20211105-170537_jpg.rf.d29c28d003c8f0ba47c9998376122d1a.jpg,CATEGORY_PROXY_Bandhani,unknown_unannotated,train
train/Bandhani/20211105-170537_jpg.rf.f60b2d217bf26ed148624545ea3c77f4.jpg,CATEGORY_PROXY_Bandhani,unknown_unannotated,train
train/Bandhani/20211105-171444-500x500_jpg.rf.1cff7dba3acecfb62aa03059bdeb4a95.jpg,CATEGORY_PROXY_Bandhani,unknown_unannotated,train
train/Bandhani/20211105-171444-500x500_jpg.rf.5190d8dd3f14ddee6a3647c3a468bf78.jpg,CATEGORY_PROXY_Bandhani,unknown_unannotated,train
train/Bandhani/20211105-171444-500x500_jpg.rf.e1a9d1d33126830ab6bdf2d1f1b72137.jpg,CATEGORY_PROXY_Bandhani,unknown_unannotated,train
train/Bandhani/20230816_173457-640x640_jpg.rf.12235806aa9c80cd29cf4f08964a4b71.jpg,CATEGORY_PROXY_Bandhani,unknown_unannotated,train
train/Bandhani/20230816_173457-640x640_jpg.rf.f260187b1c9d95d22f2720d4b5b95438.jpg,CATEGORY_PROXY_Bandhani,unknown_unannotated,train
train/Bandhani/20230816_173457-640x640_jpg.rf.f9c6d731cb62e0ab2de1e808075dfdfd.jpg,CATEGORY_PROXY_Bandhani,unknown_unannotated,train
train/Bandhani/2024-indian-premier-league-final-6753651837110502-3-shs_png.rf.ba85437ea2294870de63bfd5fc1dcb20.jpg,CATEGORY_PROXY_Bandhani,unknown_unannotated,train
train/Bandhani/2024-indian-premier-league-final-6753651837110502-3-shs_png.rf.e6e729f89849bde6bef9869a3b402ae3.jpg,CATEGORY_PROXY_Bandhani,unknown_unannotated,train
train/Bandhani/2024-indian-premier-league-final-6753651837110502-3-shs_png.rf.e8cdbbc80a5927360bdc36984f4269a7.jpg,CATEGORY_PROXY_Bandhani,unknown_unannotated,train
train/Bandhani/20264922_681993195338160_2510720478045997098_n_5859e801-85b1-4051-b103-443e9d601a81_jpg.rf.5963542610c9c78861bc1a01f8b797c3.jpg,CATEGORY_PROXY_Bandhani,unknown_unannotated,train
train/Bandhani/20264922_681993195338160_2510720478045997098_n_5859e801-85b1-4051-b103-443e9d601a81_jpg.rf.73864f028b69797dabd3748614e2a2dd.jpg,CATEGORY_PROXY_Bandhani,unknown_unannotated,train
train/Bandhani/20264922_681993195338160_2510720478045997098_n_5859e801-85b1-4051-b103-443e9d601a81_jpg.rf.fd0281e7f040e8ff978b6be5339cd64e.jpg,CATEGORY_PROXY_Bandhani,unknown_unannotated,train
train/Bandhani/31002422-A_61fa5323-606c-4d92-a718-f1a666feb333_jpg.rf.06c247518a40f0d2fc97416a5aaab443.jpg,CATEGORY_PROXY_Bandhani,unknown_unannotated,train
train/Bandhani/31002422-A_61fa5323-606c-4d92-a718-f1a666feb333_jpg.rf.49774d0579f0c8b96768002b9983cab8.jpg,CATEGORY_PROXY_Bandhani,unknown_unannotated,train
train/Bandhani/31002422-A_61fa5323-606c-4d92-a718-f1a666feb333_jpg.rf.c244c99d52e7c1bf0bebecc34b6b6cf3.jpg,CATEGORY_PROXY_Bandhani,unknown_unannotated,train
train/Bandhani/3232592122_jpg.rf.040083a8401153246c1a05b7bac3768a.jpg,CATEGORY_PROXY_Bandhani,unknown_unannotated,train
train/Bandhani/3232592122_jpg.rf.1c30b34aa43a164100dbf87dbf548366.jpg,CATEGORY_PROXY_Bandhani,unknown_unannotated,train
train/Bandhani/3232592122_jpg.rf.c48e52bff6b8ff17920722f2b5bf6df7.jpg,CATEGORY_PROXY_Bandhani,unknown_unannotated,train
train/Bandhani/51dCYkIEadL-_AC_UY1100__jpg.rf.a08863bab316009399776352574b35af.jpg,CATEGORY_PROXY_Bandhani,unknown_unannotated,train
train/Bandhani/51dCYkIEadL-_AC_UY1100__jpg.rf.a7b051915e32d8fd19b77e12167f9640.jpg,CATEGORY_PROXY_Bandhani,unknown_unannotated,train
train/Bandhani/51dCYkIEadL-_AC_UY1100__jpg.rf.d2d8dd47c127871b0a1fb6336dd9e0e3.jpg,CATEGORY_PROXY_Bandhani,unknown_unannotated,train
train/Bandhani/5469_jpg.rf.1e8f9b95f3daaeb7cf82c2fb01f74c28.jpg,CATEGORY_PROXY_Bandhani,unknown_unannotated,train
train/Bandhani/5469_jpg.rf.5a2e0de824c0dde22b329fbb8357bbbf.jpg,CATEGORY_PROXY_Bandhani,unknown_unannotated,train
train/Bandhani/5469_jpg.rf.91a8a3603545c9244b86a9b822947fc3.jpg,CATEGORY_PROXY_Bandhani,unknown_unannotated,train
train/Bandhani/745aed2f18112fccd9dd90962d9241c5_jpg.rf.73bc31a4ce90b6c56990e6f767b6fd75.jpg,CATEGORY_PROXY_Bandhani,unknown_unannotated,train
train/Bandhani/745aed2f18112fccd9dd90962d9241c5_jpg.rf.7caab0c089b9c50b800ac47c8e2f518e.jpg,CATEGORY_PROXY_Bandhani,unknown_unannotated,train
train/Bandhani/745aed2f18112fccd9dd90962d9241c5_jpg.rf.f2d5ba6049aed828ecb98e31b9fa86be.jpg,CATEGORY_PROXY_Bandhani,unknown_unannotated,train
train/Bandhani/7f8e34e356d38bf95a64bf46fcc1288f_jpg.rf.6d195989a63c0a5eacaf16c3b38d257d.jpg,CATEGORY_PROXY_Bandhani,unknown_unannotated,train
train/Bandhani/7f8e34e356d38bf95a64bf46fcc1288f_jpg.rf.ad33ec934164b1da533fb40ddac1ccd7.jpg,CATEGORY_PROXY_Bandhani,unknown_unannotated,train
train/Bandhani/7f8e34e356d38bf95a64bf46fcc1288f_jpg.rf.ea8e66f3b86744590a00481b46df4369.jpg,CATEGORY_PROXY_Bandhani,unknown_unannotated,train
train/Bandhani/91kF-DSPhcL-_AC_UF8941000_QL80__jpg.rf.45a37811cac1c84c7987c4c7d906245b.jpg,CATEGORY_PROXY_Bandhani,unknown_unannotated,train
train/Bandhani/91kF-DSPhcL-_AC_UF8941000_QL80__jpg.rf.dad6cdfc1761bd54f6eb154371c9ef55.jpg,CATEGORY_PROXY_Bandhani,unknown_unannotated,train
train/Bandhani/91kF-DSPhcL-_AC_UF8941000_QL80__jpg.rf.fb4cb9bdd755e9891606f2d38ad008ae.jpg,CATEGORY_PROXY_Bandhani,unknown_unannotated,train
train/Bandhani/9474F6_1_600x_jpg.rf.607a1a359ac338f961b4a345685827e5.jpg,CATEGORY_PROXY_Bandhani,unknown_unannotated,train
train/Bandhani/9474F6_1_600x_jpg.rf.a6db7dd3397b3ae843059f3141c0c4e9.jpg,CATEGORY_PROXY_Bandhani,unknown_unannotated,train
train/Bandhani/9474F6_1_600x_jpg.rf.c20663981982f8de7bcbcae1b00921ec.jpg,CATEGORY_PROXY_Bandhani,unknown_unannotated,train
train/Bandhani/B-08411_0b38d9b9-61f4-463d-82fd-2e507c9c7279_jpg.rf.2d12bf04b883c18c0c998f8edb1f4494.jpg,CATEGORY_PROXY_Bandhani,unknown_unannotated,train
train/Bandhani/B-08411_0b38d9b9-61f4-463d-82fd-2e507c9c7279_jpg.rf.4223542bd42f4dde2541c94d2955f312.jpg,CATEGORY_PROXY_Bandhani,unknown_unannotated,train
train/Bandhani/B-08411_0b38d9b9-61f4-463d-82fd-2e507c9c7279_jpg.rf.ea152fc15ae3602b1df5bf170334b812.jpg,CATEGORY_PROXY_Bandhani,unknown_unannotated,train
train/Bandhani/B-09760_jpg.rf.b1c61d4b2ff1ffd2d35725cb6fba0b65.jpg,CATEGORY_PROXY_Bandhani,unknown_unannotated,train
train/Bandhani/B-09760_jpg.rf.b7f71f0ad6a0e3021068f108241a056d.jpg,CATEGORY_PROXY_Bandhani,unknown_unannotated,train
train/Bandhani/B-09760_jpg.rf.c5c502529eac4f2c77d24528191319ac.jpg,CATEGORY_PROXY_Bandhani,unknown_unannotated,train
train/Bandhani/B-09762_jpg.rf.4a7d6739e2c6f69741127c0ee3e2c18a.jpg,CATEGORY_PROXY_Bandhani,unknown_unannotated,train
train/Bandhani/B-09762_jpg.rf.723494f1f2ccbff22e3023c887057767.jpg,CATEGORY_PROXY_Bandhani,unknown_unannotated,train
train/Bandhani/B-09762_jpg.rf.de2ffa36c0c3b1c2d3e1fc95c7b18f22.jpg,CATEGORY_PROXY_Bandhani,unknown_unannotated,train
train/Bandhani/bandhani-bandhej-tie-dye-tie-dyeing-textile-fabrics-cloth-rajasthan-ET0WC6_jpg.rf.03497850fce4c68b8369756ec8a8a0a7.jpg,CATEGORY_PROXY_Bandhani,unknown_unannotated,train
train/Bandhani/bandhani-bandhej-tie-dye-tie-dyeing-textile-fabrics-cloth-rajasthan-ET0WC6_jpg.rf.72e4814ab1454b263a8f753934143af2.jpg,CATEGORY_PROXY_Bandhani,unknown_unannotated,train
train/Bandhani/bandhani-bandhej-tie-dye-tie-dyeing-textile-fabrics-cloth-rajasthan-ET0WC6_jpg.rf.bd74d06a5daa8d8a23a4c9b53500e615.jpg,CATEGORY_PROXY_Bandhani,unknown_unannotated,train
train/Bandhani/Bandhani-Hand-Block-Print-Crafting-Cotton-Fabric-TS-FB-461-1_jpg.rf.34042885b80ed87133129fc7c8fd68a1.jpg,CATEGORY_PROXY_Bandhani,unknown_unannotated,train
train/Bandhani/Bandhani-Hand-Block-Print-Crafting-Cotton-Fabric-TS-FB-461-1_jpg.rf.815325f7154a258757fee9a6e0b99df7.jpg,CATEGORY_PROXY_Bandhani,unknown_unannotated,train
train/Bandhani/Bandhani-Hand-Block-Print-Crafting-Cotton-Fabric-TS-FB-461-1_jpg.rf.8beb6067e51917ca1d2eada8e54cbc12.jpg,CATEGORY_PROXY_Bandhani,unknown_unannotated,train
train/Bandhani/Bandhani-Hand-Block-Print-Crafting-Cotton-Fabric-TS-FB-461_jpg.rf.7f7a3263d7cfd1c8f9ef4772510385e1.jpg,CATEGORY_PROXY_Bandhani,unknown_unannotated,train
train/Bandhani/Bandhani-Hand-Block-Print-Crafting-Cotton-Fabric-TS-FB-461_jpg.rf.bab4501ac92ac93e97f28a6d5aff8b66.jpg,CATEGORY_PROXY_Bandhani,unknown_unannotated,train
train/Bandhani/Bandhani-Hand-Block-Print-Crafting-Cotton-Fabric-TS-FB-461_jpg.rf.c8e9b73e793d0324241617cf2861c734.jpg,CATEGORY_PROXY_Bandhani,unknown_unannotated,train
train/Bandhani/bandhani-print-georgette-fabric_jpg.rf.3b53f7eaebd650cea6aa377c6937fd91.jpg,CATEGORY_PROXY_Bandhani,unknown_unannotated,train
train/Bandhani/bandhani-print-georgette-fabric_jpg.rf.6c7aef7daf9291e0b3bd2cd49d623801.jpg,CATEGORY_PROXY_Bandhani,unknown_unannotated,train
train/Bandhani/bandhani-print-georgette-fabric_jpg.rf.bb20737600fda6889b076bb9d4135c8c.jpg,CATEGORY_PROXY_Bandhani,unknown_unannotated,train
train/Bandhani/bandhani-print-rayon-fabric-full_jpg.rf.0ca3b97fa0fa320cb43cc6b1c68e1676.jpg,CATEGORY_PROXY_Bandhani,unknown_unannotated,train
train/Bandhani/bandhani-print-rayon-fabric-full_jpg.rf.9a6ba933b464d7efb84c9574ae8001fa.jpg,CATEGORY_PROXY_Bandhani,unknown_unannotated,train
train/Bandhani/bandhani-print-rayon-fabric-full_jpg.rf.9b5fa1229ba56b09dfae0b2aae064be6.jpg,CATEGORY_PROXY_Bandhani,unknown_unannotated,train
train/Bandhani/bandhani-printed-fabric-4_jpg.rf.24ef14b74de017581f939c1791682418.jpg,CATEGORY_PROXY_Bandhani,unknown_unannotated,train
train/Bandhani/bandhani-printed-fabric-4_jpg.rf.b5506b76b093aed86a5c30cf9b99b952.jpg,CATEGORY_PROXY_Bandhani,unknown_unannotated,train
train/Bandhani/bandhani-printed-fabric-4_jpg.rf.bbebb51be1cea87039ab2030b82a9183.jpg,CATEGORY_PROXY_Bandhani,unknown_unannotated,train
train/Bandhani/bandhani-printed-rayon-fabric_jpg.rf.02c668ce6c54f9746fd8ed0c8fc3655e.jpg,CATEGORY_PROXY_Bandhani,unknown_unannotated,train
train/Bandhani/bandhani-printed-rayon-fabric_jpg.rf.34b229445e66b4461b4870d42eb25e94.jpg,CATEGORY_PROXY_Bandhani,unknown_unannotated,train
train/Bandhani/bandhani-printed-rayon-fabric_jpg.rf.5623c5a7566f78f1c4c976db4a5ccf52.jpg,CATEGORY_PROXY_Bandhani,unknown_unannotated,train
train/Bandhani/Bhandini-Silk-Fabrics_540x_6a4cd958-3c9c-4dc7-ada8-d81e9904bf7c_jpg.rf.925979167ec3a6c9e3e91ab9cb7b8992.jpg,CATEGORY_PROXY_Bandhani,unknown_unannotated,train
train/Bandhani/Bhandini-Silk-Fabrics_540x_6a4cd958-3c9c-4dc7-ada8-d81e9904bf7c_jpg.rf.e1c50fd65d928a3bc1dca6742d084dd4.jpg,CATEGORY_PROXY_Bandhani,unknown_unannotated,train
train/Bandhani/Bhandini-Silk-Fabrics_540x_6a4cd958-3c9c-4dc7-ada8-d81e9904bf7c_jpg.rf.f5d0a1b4d37be519d5311c60a10ca2c2.jpg,CATEGORY_PROXY_Bandhani,unknown_unannotated,train
train/Bandhani/BL0032BLP1_jpg.rf.57336d5b3f675dcf340a0add0f854ee3.jpg,CATEGORY_PROXY_Bandhani,unknown_unannotated,train
train/Bandhani/BL0032BLP1_jpg.rf.6821362c0212606bb90e09ca8c878f98.jpg,CATEGORY_PROXY_Bandhani,unknown_unannotated,train
train/Bandhani/BL0032BLP1_jpg.rf.c2fbab397bbd07cb1a2961bd4a3cde99.jpg,CATEGORY_PROXY_Bandhani,unknown_unannotated,train
train/Bandhani/black-digital-printed-cotton-bandhani-design-fabric-1-mtr-306022_jpg.rf.2122d436db2231ecccf4aef25f5ae432.jpg,CATEGORY_PROXY_Bandhani,unknown_unannotated,train
train/Bandhani/black-digital-printed-cotton-bandhani-design-fabric-1-mtr-306022_jpg.rf.3570279a0a817d6a9989708af84570d2.jpg,CATEGORY_PROXY_Bandhani,unknown_unannotated,train
train/Bandhani/black-digital-printed-cotton-bandhani-design-fabric-1-mtr-306022_jpg.rf.cc959a77b758390a5273e48aea05ded5.jpg,CATEGORY_PROXY_Bandhani,unknown_unannotated,train
train/Bandhani/cambric-cotton-bandhani-fabric-full_jpg.rf.4d2b1ea89acc2eb881946302b7a688e5.jpg,CATEGORY_PROXY_Bandhani,unknown_unannotated,train
train/Bandhani/cambric-cotton-bandhani-fabric-full_jpg.rf.57322795be4927c5158ecb6cea8a05be.jpg,CATEGORY_PROXY_Bandhani,unknown_unannotated,train
train/Bandhani/cambric-cotton-bandhani-fabric-full_jpg.rf.deed14aadf7174ea45db6629a59a58b0.jpg,CATEGORY_PROXY_Bandhani,unknown_unannotated,train
train/Bandhani/DSC04494_a90fd9e0-4df2-4f60-a0e3-99ae969924fe_jpg.rf.6c2b524c9e36402a56dc4372386a25b1.jpg,CATEGORY_PROXY_Bandhani,unknown_unannotated,train
train/Bandhani/DSC04494_a90fd9e0-4df2-4f60-a0e3-99ae969924fe_jpg.rf.760ff065fff7559fd944eddaa9d0a32d.jpg,CATEGORY_PROXY_Bandhani,unknown_unannotated,train
train/Bandhani/DSC04494_a90fd9e0-4df2-4f60-a0e3-99ae969924fe_jpg.rf.f78512b5652d4700e5744af08698c859.jpg,CATEGORY_PROXY_Bandhani,unknown_unannotated,train
train/Bandhani/DSC06797_36c72165-23f1-450e-945e-3a0ae79b880a_jpg.rf.298f0784d745a6593c51e3e451b758c1.jpg,CATEGORY_PROXY_Bandhani,unknown_unannotated,train
train/Bandhani/DSC06797_36c72165-23f1-450e-945e-3a0ae79b880a_jpg.rf.ccfe3b511375ddcc94e4e69fd64ae644.jpg,CATEGORY_PROXY_Bandhani,unknown_unannotated,train
train/Bandhani/DSC06797_36c72165-23f1-450e-945e-3a0ae79b880a_jpg.rf.e7cb91f27eadad2e1f9380fdab1bcbc5.jpg,CATEGORY_PROXY_Bandhani,unknown_unannotated,train
train/Bandhani/DSC_0730_1024x1024_jpg.rf.2e746cade69e15c2d2f2b639d3d7ce3c.jpg,CATEGORY_PROXY_Bandhani,unknown_unannotated,train
train/Bandhani/DSC_0730_1024x1024_jpg.rf.ac9f4ad4fb9163cad6a6558c433accac.jpg,CATEGORY_PROXY_Bandhani,unknown_unannotated,train
train/Bandhani/DSC_0730_1024x1024_jpg.rf.c884e4a18f80dfaa1e24573e492fdb02.jpg,CATEGORY_PROXY_Bandhani,unknown_unannotated,train
train/Bandhani/dsc_9386_jpg.rf.0a2f7122e75d563036a1be1f0c44ed12.jpg,CATEGORY_PROXY_Bandhani,unknown_unannotated,train
train/Bandhani/dsc_9386_jpg.rf.667ca2164905b99344c0949d1f693fa6.jpg,CATEGORY_PROXY_Bandhani,unknown_unannotated,train
train/Bandhani/dsc_9386_jpg.rf.777e9145d1322b98a6e0222e33af21ff.jpg,CATEGORY_PROXY_Bandhani,unknown_unannotated,train
train/Bandhani/georgette-bandhani-fabric-full_jpg.rf.15014c14de0b6c5d56a614da1066719d.jpg,CATEGORY_PROXY_Bandhani,unknown_unannotated,train
train/Bandhani/georgette-bandhani-fabric-full_jpg.rf.291b8790ce98ebf75c1aa187041f0f1e.jpg,CATEGORY_PROXY_Bandhani,unknown_unannotated,train
train/Bandhani/georgette-bandhani-fabric-full_jpg.rf.f9ee361cf4af562b35f78033e4bf869a.jpg,CATEGORY_PROXY_Bandhani,unknown_unannotated,train
train/Bandhani/Hand-Block-Printed-Bandhani-Cotton-Fabric-TS-FB-295_jpg.rf.6db6648783b816d0de4fd22ff69c41d1.jpg,CATEGORY_PROXY_Bandhani,unknown_unannotated,train
train/Bandhani/Hand-Block-Printed-Bandhani-Cotton-Fabric-TS-FB-295_jpg.rf.6de5f5b340553d80d41513de5c31297f.jpg,CATEGORY_PROXY_Bandhani,unknown_unannotated,train
train/Bandhani/Hand-Block-Printed-Bandhani-Cotton-Fabric-TS-FB-295_jpg.rf.d88fc0bdae6d408cb8c149bf03f67f4f.jpg,CATEGORY_PROXY_Bandhani,unknown_unannotated,train
train/Bandhani/il_570xN-4871894863_f6vo_jpg.rf.adf26dea2984ca3bc0293e8701e7533c.jpg,CATEGORY_PROXY_Bandhani,unknown_unannotated,train
train/Bandhani/il_570xN-4871894863_f6vo_jpg.rf.db8d8778d7147cff0b821d2048726e3e.jpg,CATEGORY_PROXY_Bandhani,unknown_unannotated,train
train/Bandhani/il_570xN-4871894863_f6vo_jpg.rf.de72bad29951b01dd7d61e6329338c86.jpg,CATEGORY_PROXY_Bandhani,unknown_unannotated,train
train/Bandhani/il_570xN-4871916995_9txv_jpg.rf.0f1bba568cfea4d6061a304e2aecfe20.jpg,CATEGORY_PROXY_Bandhani,unknown_unannotated,train
train/Bandhani/il_570xN-4871916995_9txv_jpg.rf.ba87f2241ee18cf3804717cbbc20b493.jpg,CATEGORY_PROXY_Bandhani,unknown_unannotated,train
train/Bandhani/il_570xN-4871916995_9txv_jpg.rf.c54d26c9319407b7ab7be13ae0c6c527.jpg,CATEGORY_PROXY_Bandhani,unknown_unannotated,train
train/Bandhani/il_570xN-4992132375_ei3g_jpg.rf.1fd33621e9c84ea21a9d989b23c58052.jpg,CATEGORY_PROXY_Bandhani,unknown_unannotated,train
train/Bandhani/il_570xN-4992132375_ei3g_jpg.rf.6abeabf433ee9ad95b1786872f909ea4.jpg,CATEGORY_PROXY_Bandhani,unknown_unannotated,train
train/Bandhani/il_570xN-4992132375_ei3g_jpg.rf.d4ae8860de926110ca9202743c61178e.jpg,CATEGORY_PROXY_Bandhani,unknown_unannotated,train
train/Bandhani/image10_jpeg.rf.4b28a5c228d895900907ae5281c2e466.jpg,CATEGORY_PROXY_Bandhani,unknown_unannotated,train
train/Bandhani/image10_jpeg.rf.72d545aff7786da9810ae89f4ffaaf98.jpg,CATEGORY_PROXY_Bandhani,unknown_unannotated,train
train/Bandhani/image10_jpeg.rf.aa590b239ffb8e50bc01c6afaa4c6c3c.jpg,CATEGORY_PROXY_Bandhani,unknown_unannotated,train
train/Bandhani/image11_jpeg.rf.217c4dfae6e9b4997b2b8c7213379660.jpg,CATEGORY_PROXY_Bandhani,unknown_unannotated,train
train/Bandhani/image11_jpeg.rf.4212b041985a01968d19e30e56d4d32d.jpg,CATEGORY_PROXY_Bandhani,unknown_unannotated,train
train/Bandhani/image11_jpeg.rf.dd71015d387256f74f231b3d4cd0d5f9.jpg,CATEGORY_PROXY_Bandhani,unknown_unannotated,train
train/Bandhani/image13_jpeg.rf.c1368264f30a9336a7d575da1a083a5d.jpg,CATEGORY_PROXY_Bandhani,unknown_unannotated,train
train/Bandhani/image13_jpeg.rf.e683253e5549cd0ac328e8a70ac77135.jpg,CATEGORY_PROXY_Bandhani,unknown_unannotated,train
train/Bandhani/image13_jpeg.rf.f041e791e14481ebd18de6e969d2da49.jpg,CATEGORY_PROXY_Bandhani,unknown_unannotated,train
train/Bandhani/image15_jpeg.rf.b88e56a868aa97972a3607d3915f5efa.jpg,CATEGORY_PROXY_Bandhani,unknown_unannotated,train
train/Bandhani/image15_jpeg.rf.e15a84ee8cba46bef14ff1e057b5d1d0.jpg,CATEGORY_PROXY_Bandhani,unknown_unannotated,train
train/Bandhani/image15_jpeg.rf.fa2bb76d327aa304c594f5ac1d16ee02.jpg,CATEGORY_PROXY_Bandhani,unknown_unannotated,train
train/Bandhani/image17_jpeg.rf.072400d91e0a61617e9089f9ad99c2bc.jpg,CATEGORY_PROXY_Bandhani,unknown_unannotated,train
train/Bandhani/image17_jpeg.rf.a55c2f80d0cd3b00b2a00c435aaf1e82.jpg,CATEGORY_PROXY_Bandhani,unknown_unannotated,train
train/Bandhani/image17_jpeg.rf.bbf2cfae9f8ede7bb5378a9e83722e18.jpg,CATEGORY_PROXY_Bandhani,unknown_unannotated,train
train/Bandhani/image19_jpeg.rf.b618cdb66ec0065725b2d4132002420d.jpg,CATEGORY_PROXY_Bandhani,unknown_unannotated,train
train/Bandhani/image19_jpeg.rf.ee21580fa7c098e17cb26a016e4e9cf6.jpg,CATEGORY_PROXY_Bandhani,unknown_unannotated,train
train/Bandhani/image19_jpeg.rf.fe2b8eaf909076ce92014c5814a9e1bf.jpg,CATEGORY_PROXY_Bandhani,unknown_unannotated,train
train/Bandhani/image23_jpeg.rf.6551bb099b7eb3dda2bb559e8f097925.jpg,CATEGORY_PROXY_Bandhani,unknown_unannotated,train
train/Bandhani/image23_jpeg.rf.6562edeab7c329f602b19ae0302b8524.jpg,CATEGORY_PROXY_Bandhani,unknown_unannotated,train
train/Bandhani/image23_jpeg.rf.d36e45bb084fda243b5a2ab6ceda701d.jpg,CATEGORY_PROXY_Bandhani,unknown_unannotated,train
train/Bandhani/image24_jpeg.rf.7c964dfb9d095f89fdd9730919fc096f.jpg,CATEGORY_PROXY_Bandhani,unknown_unannotated,train
train/Bandhani/image24_jpeg.rf.889d1ab4cbd781c178c5b041b3e256d6.jpg,CATEGORY_PROXY_Bandhani,unknown_unannotated,train
train/Bandhani/image24_jpeg.rf.8fc740068d8dde5955afcb1c90c5e659.jpg,CATEGORY_PROXY_Bandhani,unknown_unannotated,train
train/Bandhani/image26_jpeg.rf.1e5d325521d8107e12e38276ca467645.jpg,CATEGORY_PROXY_Bandhani,unknown_unannotated,train
train/Bandhani/image26_jpeg.rf.d9dc58982cb59fb71c2635a17a56d8a9.jpg,CATEGORY_PROXY_Bandhani,unknown_unannotated,train
train/Bandhani/image26_jpeg.rf.dc8ae311fa776375fece7b968a8d754d.jpg,CATEGORY_PROXY_Bandhani,unknown_unannotated,train
train/Bandhani/image27_jpeg.rf.27d745cda837a8afe20c2e80236d77f6.jpg,CATEGORY_PROXY_Bandhani,unknown_unannotated,train
train/Bandhani/image27_jpeg.rf.988d209e23063b30fb08049389458bc6.jpg,CATEGORY_PROXY_Bandhani,unknown_unannotated,train
train/Bandhani/image27_jpeg.rf.ece829e50f642333f79440a277883e30.jpg,CATEGORY_PROXY_Bandhani,unknown_unannotated,train
train/Bandhani/image29_jpeg.rf.986195bab4cb1d605f67208c8778fa05.jpg,CATEGORY_PROXY_Bandhani,unknown_unannotated,train
train/Bandhani/image29_jpeg.rf.c5f101b3fc6a6cf258dddaac3aabbe6e.jpg,CATEGORY_PROXY_Bandhani,unknown_unannotated,train
train/Bandhani/image29_jpeg.rf.ea039125fa17e44eb3c4348f0935acb7.jpg,CATEGORY_PROXY_Bandhani,unknown_unannotated,train
train/Bandhani/image2_jpeg.rf.0f92d218ae17cec7fe1267f5d8a9d935.jpg,CATEGORY_PROXY_Bandhani,unknown_unannotated,train
train/Bandhani/image2_jpeg.rf.75760e719475e521c8c3e0a54ea8ab46.jpg,CATEGORY_PROXY_Bandhani,unknown_unannotated,train
train/Bandhani/image2_jpeg.rf.d36aaa9f866142771978d736d1c5ca3d.jpg,CATEGORY_PROXY_Bandhani,unknown_unannotated,train
train/Bandhani/image31_jpeg.rf.4b66acafcab415052bf7c3606ee45982.jpg,CATEGORY_PROXY_Bandhani,unknown_unannotated,train
train/Bandhani/image31_jpeg.rf.d5398a44296e4b17c220955b92a34e94.jpg,CATEGORY_PROXY_Bandhani,unknown_unannotated,train
train/Bandhani/image31_jpeg.rf.e4507719b75e91abc905d77fa95a28ae.jpg,CATEGORY_PROXY_Bandhani,unknown_unannotated,train
train/Bandhani/image33_jpeg.rf.2311f4fa0574d02d190f77a6e6c85244.jpg,CATEGORY_PROXY_Bandhani,unknown_unannotated,train
train/Bandhani/image33_jpeg.rf.3ce992732600c57de521c86378ff3a23.jpg,CATEGORY_PROXY_Bandhani,unknown_unannotated,train
train/Bandhani/image33_jpeg.rf.3ea7da2596f5caf1913eef1f595aba24.jpg,CATEGORY_PROXY_Bandhani,unknown_unannotated,train
train/Bandhani/image3_jpeg.rf.1f915f8ed66eaf1c6e1a91df1db66678.jpg,CATEGORY_PROXY_Bandhani,unknown_unannotated,train
train/Bandhani/image3_jpeg.rf.5083177d0c554ce5290236f7b26a3784.jpg,CATEGORY_PROXY_Bandhani,unknown_unannotated,train
train/Bandhani/image3_jpeg.rf.bf7d6bc9973e47dbb1cf4a803c5f0618.jpg,CATEGORY_PROXY_Bandhani,unknown_unannotated,train
train/Bandhani/image5_jpeg.rf.72577854793d6f528088b840debdd985.jpg,CATEGORY_PROXY_Bandhani,unknown_unannotated,train
train/Bandhani/image5_jpeg.rf.e0e4f8e8e0940853a91bd8980ccd5d35.jpg,CATEGORY_PROXY_Bandhani,unknown_unannotated,train
train/Bandhani/image5_jpeg.rf.e4b3af4c5bb68b28b45a17bea2cf31a4.jpg,CATEGORY_PROXY_Bandhani,unknown_unannotated,train
train/Bandhani/image7_jpeg.rf.7692d4b2b6ec90ecc8d8cf95212bfa8a.jpg,CATEGORY_PROXY_Bandhani,unknown_unannotated,train
train/Bandhani/image7_jpeg.rf.b3e233c64a2044709a043c8ff4d8f575.jpg,CATEGORY_PROXY_Bandhani,unknown_unannotated,train
train/Bandhani/image7_jpeg.rf.bd5c462668620dee0f2e6d6b8a675a29.jpg,CATEGORY_PROXY_Bandhani,unknown_unannotated,train
train/Bandhani/images10_jpg.rf.0dfe8f2fa97adaebf5736bd72a4c2ea9.jpg,CATEGORY_PROXY_Bandhani,unknown_unannotated,train
train/Bandhani/images10_jpg.rf.2ec4f83bf6fa8dea975dc1dcd9426e6f.jpg,CATEGORY_PROXY_Bandhani,unknown_unannotated,train
train/Bandhani/images10_jpg.rf.55add5d248be840afc0bee6a1de8b4d4.jpg,CATEGORY_PROXY_Bandhani,unknown_unannotated,train
train/Bandhani/images11_jpg.rf.24f378ebb24827e479e7dd6b1623c4b2.jpg,CATEGORY_PROXY_Bandhani,unknown_unannotated,train
train/Bandhani/images11_jpg.rf.4635f0b687d6898cc76a847de783bc45.jpg,CATEGORY_PROXY_Bandhani,unknown_unannotated,train
train/Bandhani/images11_jpg.rf.b02ec7a275b2bc56013ebecaeb5b244b.jpg,CATEGORY_PROXY_Bandhani,unknown_unannotated,train
train/Bandhani/images12_jpg.rf.151d66ed40517b320ddeca79ef7d92e9.jpg,CATEGORY_PROXY_Bandhani,unknown_unannotated,train
train/Bandhani/images12_jpg.rf.1740f2548f836462b277fa19da9079da.jpg,CATEGORY_PROXY_Bandhani,unknown_unannotated,train
train/Bandhani/images12_jpg.rf.4d5001787030897c46648dbfa37ed202.jpg,CATEGORY_PROXY_Bandhani,unknown_unannotated,train
train/Bandhani/images13_jpg.rf.4c82b06ee86df7a6302e352293fe8679.jpg,CATEGORY_PROXY_Bandhani,unknown_unannotated,train
train/Bandhani/images13_jpg.rf.7bd15719a8bff563667de2fdbeeffaba.jpg,CATEGORY_PROXY_Bandhani,unknown_unannotated,train
train/Bandhani/images13_jpg.rf.ae8ed1dbadefb0708c41c738b78c502c.jpg,CATEGORY_PROXY_Bandhani,unknown_unannotated,train
train/Bandhani/images14_jpg.rf.39548a4b2d6f919f4eda3daf22802d1f.jpg,CATEGORY_PROXY_Bandhani,unknown_unannotated,train
train/Bandhani/images14_jpg.rf.a64755fd48a7d726fdafba098a4de86a.jpg,CATEGORY_PROXY_Bandhani,unknown_unannotated,train
train/Bandhani/images14_jpg.rf.ee20278f674c56f853f6e6d90e926925.jpg,CATEGORY_PROXY_Bandhani,unknown_unannotated,train
train/Bandhani/images15_jpg.rf.3ff27c78315b4f21e26250fbd8264bc7.jpg,CATEGORY_PROXY_Bandhani,unknown_unannotated,train
train/Bandhani/images15_jpg.rf.4923b3b45a188901533d8a9c468112ce.jpg,CATEGORY_PROXY_Bandhani,unknown_unannotated,train
train/Bandhani/images15_jpg.rf.cb2663f5b6fbe75bfb3bf0fe92dd6390.jpg,CATEGORY_PROXY_Bandhani,unknown_unannotated,train
train/Bandhani/images16_jpg.rf.1a9fc90c45846e88e301498a1fdad836.jpg,CATEGORY_PROXY_Bandhani,unknown_unannotated,train
train/Bandhani/images16_jpg.rf.22c52dd1855a8a36661c9f39431641b9.jpg,CATEGORY_PROXY_Bandhani,unknown_unannotated,train
train/Bandhani/images16_jpg.rf.362759b8e1e37f12bcdec2114e78c063.jpg,CATEGORY_PROXY_Bandhani,unknown_unannotated,train
train/Bandhani/images17_jpg.rf.420a733e5786c74f495c959f84d17104.jpg,CATEGORY_PROXY_Bandhani,unknown_unannotated,train
train/Bandhani/images17_jpg.rf.59672dce07b99b413570b7a293be8c20.jpg,CATEGORY_PROXY_Bandhani,unknown_unannotated,train
train/Bandhani/images17_jpg.rf.d70a8558cb07082324e1f3fb450a746d.jpg,CATEGORY_PROXY_Bandhani,unknown_unannotated,train
train/Bandhani/images18_jpg.rf.371edcd29acdece1f8e8adf5264da766.jpg,CATEGORY_PROXY_Bandhani,unknown_unannotated,train
train/Bandhani/images18_jpg.rf.60b25064bc3e80f4787d929256fb75d4.jpg,CATEGORY_PROXY_Bandhani,unknown_unannotated,train
train/Bandhani/images18_jpg.rf.67e26c5c0188086022ed4fa290f551fa.jpg,CATEGORY_PROXY_Bandhani,unknown_unannotated,train
train/Bandhani/images19_jpg.rf.5fcfaca3912f3a1ba8b3538d272bbf14.jpg,CATEGORY_PROXY_Bandhani,unknown_unannotated,train
train/Bandhani/images19_jpg.rf.81c61d4b61a95c9becf821d4b2426c2b.jpg,CATEGORY_PROXY_Bandhani,unknown_unannotated,train
train/Bandhani/images19_jpg.rf.97b763241da1b0c6b21861a51c066f15.jpg,CATEGORY_PROXY_Bandhani,unknown_unannotated,train
train/Bandhani/images2_jpg.rf.2226ea7d3cbb040acde5d8410020b411.jpg,CATEGORY_PROXY_Bandhani,unknown_unannotated,train
train/Bandhani/images2_jpg.rf.44ebc07dbb84a4fa7f8bf4322f7a72e7.jpg,CATEGORY_PROXY_Bandhani,unknown_unannotated,train
train/Bandhani/images2_jpg.rf.d05f5f3abfd03a5bf3d6202e9049a6bd.jpg,CATEGORY_PROXY_Bandhani,unknown_unannotated,train
train/Bandhani/images4_jpg.rf.7ba79fa0590a95a3355cd86ff44bf6ab.jpg,CATEGORY_PROXY_Bandhani,unknown_unannotated,train
train/Bandhani/images4_jpg.rf.8184931392de8dc6cfea34f25e192bff.jpg,CATEGORY_PROXY_Bandhani,unknown_unannotated,train
train/Bandhani/images4_jpg.rf.ebd63c7c701d943d15cc996137fa0a1c.jpg,CATEGORY_PROXY_Bandhani,unknown_unannotated,train
train/Bandhani/images6_jpg.rf.1133c18206bbaad262ee6dffbc8ea063.jpg,CATEGORY_PROXY_Bandhani,unknown_unannotated,train
train/Bandhani/images6_jpg.rf.e95aa22499dfb44d93d9802af3074b75.jpg,CATEGORY_PROXY_Bandhani,unknown_unannotated,train
train/Bandhani/images6_jpg.rf.f8069baee172618869029bb5520735c2.jpg,CATEGORY_PROXY_Bandhani,unknown_unannotated,train
train/Bandhani/images7_jpg.rf.07f75e541c8d3a4bc445211ff3d30fa7.jpg,CATEGORY_PROXY_Bandhani,unknown_unannotated,train
train/Bandhani/images7_jpg.rf.102b289cd181c2b8349ec568b2495fa9.jpg,CATEGORY_PROXY_Bandhani,unknown_unannotated,train
train/Bandhani/images7_jpg.rf.9405c44c548b6945331d0ba22bd5c048.jpg,CATEGORY_PROXY_Bandhani,unknown_unannotated,train
train/Bandhani/images_jpg.rf.24e1bb0bca640f83ab02dcc8fbd40a07.jpg,CATEGORY_PROXY_Bandhani,unknown_unannotated,train
train/Bandhani/images_jpg.rf.40b937876bf4c09bd79e64ebefd80a0c.jpg,CATEGORY_PROXY_Bandhani,unknown_unannotated,train
train/Bandhani/images_jpg.rf.5a0bcb37a5943c03ca6402451f656352.jpg,CATEGORY_PROXY_Bandhani,unknown_unannotated,train
train/Bandhani/IMG_1075_53fed6ab-fbec-4660-918c-7006fbefeb17_jpg.rf.7d6409ede7a82c77b66c6f0340f5fabf.jpg,CATEGORY_PROXY_Bandhani,unknown_unannotated,train
train/Bandhani/IMG_1075_53fed6ab-fbec-4660-918c-7006fbefeb17_jpg.rf.a3de50c16634a341487c7208252a0b0f.jpg,CATEGORY_PROXY_Bandhani,unknown_unannotated,train
train/Bandhani/IMG_1075_53fed6ab-fbec-4660-918c-7006fbefeb17_jpg.rf.d520a708c5f234d63af4789f44cb61a0.jpg,CATEGORY_PROXY_Bandhani,unknown_unannotated,train
train/Bandhani/IMG_1093_f0e1e7c5-aa80-4e27-a5e8-b775856bf48b_jpg.rf.21042a4b1e4e3fe34ca1535e907c4a80.jpg,CATEGORY_PROXY_Bandhani,unknown_unannotated,train
train/Bandhani/IMG_1093_f0e1e7c5-aa80-4e27-a5e8-b775856bf48b_jpg.rf.68af0aebfd6081a717c53945b2019a8e.jpg,CATEGORY_PROXY_Bandhani,unknown_unannotated,train
train/Bandhani/IMG_1093_f0e1e7c5-aa80-4e27-a5e8-b775856bf48b_jpg.rf.958c2c933d92e2a529bf81fbf366e124.jpg,CATEGORY_PROXY_Bandhani,unknown_unannotated,train
train/Bandhani/IMG_20231007_145508_3f1030ad-6233-479b-96b5-d3a5edf8b95e_jpg.rf.63a609a9c37b1cb07617c972fc7742ac.jpg,CATEGORY_PROXY_Bandhani,unknown_unannotated,train
train/Bandhani/IMG_20231007_145508_3f1030ad-6233-479b-96b5-d3a5edf8b95e_jpg.rf.fa511f0dd61c24bae3e4f3ca6671e09a.jpg,CATEGORY_PROXY_Bandhani,unknown_unannotated,train
train/Bandhani/IMG_20231007_145508_3f1030ad-6233-479b-96b5-d3a5edf8b95e_jpg.rf.fb0d929b8882f4ed4254c4f4c11e0053.jpg,CATEGORY_PROXY_Bandhani,unknown_unannotated,train
train/Bandhani/IMG_8051_f5f53f7e-43d2-4c40-b2ff-2f6f10024d6d_800x_jpg.rf.1ed1412d3ce1cd2414c0419f65933b5f.jpg,CATEGORY_PROXY_Bandhani,unknown_unannotated,train
train/Bandhani/IMG_8051_f5f53f7e-43d2-4c40-b2ff-2f6f10024d6d_800x_jpg.rf.557664b082ea342292ec66176589d72c.jpg,CATEGORY_PROXY_Bandhani,unknown_unannotated,train
train/Bandhani/IMG_8051_f5f53f7e-43d2-4c40-b2ff-2f6f10024d6d_800x_jpg.rf.d27121026a3906bc9fb0ed0a709641e7.jpg,CATEGORY_PROXY_Bandhani,unknown_unannotated,train
train/Bandhani/IMG_E0327_6ca7a8fe-6413-4474-a347-e14326b4d345_jpg.rf.26eaf5f0d34c6ff493a22b072862ca8d.jpg,CATEGORY_PROXY_Bandhani,unknown_unannotated,train
train/Bandhani/IMG_E0327_6ca7a8fe-6413-4474-a347-e14326b4d345_jpg.rf.4432011a1dea10591d2f7562182551b5.jpg,CATEGORY_PROXY_Bandhani,unknown_unannotated,train
train/Bandhani/IMG_E0327_6ca7a8fe-6413-4474-a347-e14326b4d345_jpg.rf.9253b6d29baf36da42a60871e67a1490.jpg,CATEGORY_PROXY_Bandhani,unknown_unannotated,train
train/Bandhani/indian-saree-texture-bandhani-print-600nw-1988687258_jpg.rf.1a796e9a88306f9616aafb4f41320e8a.jpg,CATEGORY_PROXY_Bandhani,unknown_unannotated,train
train/Bandhani/indian-saree-texture-bandhani-print-600nw-1988687258_jpg.rf.9ab7783264a90d503662a6cecb69d72e.jpg,CATEGORY_PROXY_Bandhani,unknown_unannotated,train
train/Bandhani/indian-saree-texture-bandhani-print-600nw-1988687258_jpg.rf.e6deff5669c1b27a5c01fb1a98c7a16c.jpg,CATEGORY_PROXY_Bandhani,unknown_unannotated,train
train/Bandhani/kutch-bandhani-dress-materialbandhej-dress-810x456_large_jpg.rf.4e589cbe3cd8488f73a2cf984b5cad78.jpg,CATEGORY_PROXY_Bandhani,unknown_unannotated,train
train/Bandhani/kutch-bandhani-dress-materialbandhej-dress-810x456_large_jpg.rf.dfb199e032f3e857ea27ffe72e0ebb08.jpg,CATEGORY_PROXY_Bandhani,unknown_unannotated,train
train/Bandhani/kutch-bandhani-dress-materialbandhej-dress-810x456_large_jpg.rf.f60e66d7ac6a613f97e9f9247444a737.jpg,CATEGORY_PROXY_Bandhani,unknown_unannotated,train
train/Bandhani/maroon-bandhani-pure-gajji-silk-fabric-1-mtr-311869_jpg.rf.4fa50d95b5dac39ac6c0af11294e2c25.jpg,CATEGORY_PROXY_Bandhani,unknown_unannotated,train
train/Bandhani/maroon-bandhani-pure-gajji-silk-fabric-1-mtr-311869_jpg.rf.9c294db5205064d9521b6778b550e160.jpg,CATEGORY_PROXY_Bandhani,unknown_unannotated,train
train/Bandhani/maroon-bandhani-pure-gajji-silk-fabric-1-mtr-311869_jpg.rf.e241a9bc6926e1d63c10e3d507e71392.jpg,CATEGORY_PROXY_Bandhani,unknown_unannotated,train
train/Bandhani/red-bandhani-cotton-silk-fabric-1-mtr-261793_jpg.rf.6b542f539695e3af2c55ffe398cfbceb.jpg,CATEGORY_PROXY_Bandhani,unknown_unannotated,train
train/Bandhani/red-bandhani-cotton-silk-fabric-1-mtr-261793_jpg.rf.9bcdb4b75f38b7261b30cba1f1cc3382.jpg,CATEGORY_PROXY_Bandhani,unknown_unannotated,train
train/Bandhani/red-bandhani-cotton-silk-fabric-1-mtr-261793_jpg.rf.c74593f14510155e7a46625b1627e256.jpg,CATEGORY_PROXY_Bandhani,unknown_unannotated,train
train/Bandhani/RFTCOM116_jpg.rf.075c9768f09bcdc86efa8eefbacd1aab.jpg,CATEGORY_PROXY_Bandhani,unknown_unannotated,train
train/Bandhani/RFTCOM116_jpg.rf.1c4bbdef98cb31f1296bcf30395ebf22.jpg,CATEGORY_PROXY_Bandhani,unknown_unannotated,train
train/Bandhani/RFTCOM116_jpg.rf.eaef0f50170ddc27364503950af75b46.jpg,CATEGORY_PROXY_Bandhani,unknown_unannotated,train
train/Bandhani/sf30171a_jpg.rf.6717d426005cb6f190be1c8b5566d7e5.jpg,CATEGORY_PROXY_Bandhani,unknown_unannotated,train
train/Bandhani/sf30171a_jpg.rf.6885b25d87c7dd9dc5e9016014719be8.jpg,CATEGORY_PROXY_Bandhani,unknown_unannotated,train
train/Bandhani/sf30171a_jpg.rf.f0da5bceacff71831805602bb2857b5e.jpg,CATEGORY_PROXY_Bandhani,unknown_unannotated,train
train/Bandhani/sf30174a_jpg.rf.1a09ad365c306abeb7e33443113bfb15.jpg,CATEGORY_PROXY_Bandhani,unknown_unannotated,train
train/Bandhani/sf30174a_jpg.rf.46f4203b604614f69aab046000231f5d.jpg,CATEGORY_PROXY_Bandhani,unknown_unannotated,train
train/Bandhani/sf30174a_jpg.rf.a39f7750ac1bbb19baafd98b5fb825eb.jpg,CATEGORY_PROXY_Bandhani,unknown_unannotated,train
train/Bandhani/sf30177a_jpg.rf.3a7a9930a4201676854fb12e0d869495.jpg,CATEGORY_PROXY_Bandhani,unknown_unannotated,train
train/Bandhani/sf30177a_jpg.rf.72d69d23fa0493791113dca803f26dc0.jpg,CATEGORY_PROXY_Bandhani,unknown_unannotated,train
train/Bandhani/sf30177a_jpg.rf.b1ab11f62246d654edc93fc1f7e9638a.jpg,CATEGORY_PROXY_Bandhani,unknown_unannotated,train
train/Bandhani/sf30179a_jpg.rf.15604b6709664266e5b09fdfc5a505c0.jpg,CATEGORY_PROXY_Bandhani,unknown_unannotated,train
train/Bandhani/sf30179a_jpg.rf.a3b351f53fe00e6af4d29531952edb7a.jpg,CATEGORY_PROXY_Bandhani,unknown_unannotated,train
train/Bandhani/sf30179a_jpg.rf.d2974c9537492b18b765339bac89a335.jpg,CATEGORY_PROXY_Bandhani,unknown_unannotated,train
train/Bandhani/sf30180a_jpg.rf.0498701682284939f54e2f83232b8149.jpg,CATEGORY_PROXY_Bandhani,unknown_unannotated,train
train/Bandhani/sf30180a_jpg.rf.2a2b890dd8ec50826803949b4ea585d2.jpg,CATEGORY_PROXY_Bandhani,unknown_unannotated,train
train/Bandhani/sf30180a_jpg.rf.7267185111eec90e7f71765228936413.jpg,CATEGORY_PROXY_Bandhani,unknown_unannotated,train
train/Bandhani/sf32169-saroj-fabrics-silk-bandhani-fabric_jpg.rf.0cf6bf3490b7faab3be983e79bbf3b40.jpg,CATEGORY_PROXY_Bandhani,unknown_unannotated,train
train/Bandhani/sf32169-saroj-fabrics-silk-bandhani-fabric_jpg.rf.614c654b55535dad9b6b62d0b5593f35.jpg,CATEGORY_PROXY_Bandhani,unknown_unannotated,train
train/Bandhani/sf32169-saroj-fabrics-silk-bandhani-fabric_jpg.rf.71a4c224635fe56008122e4a9b8d4c24.jpg,CATEGORY_PROXY_Bandhani,unknown_unannotated,train
train/Bandhani/sfd06_jpg.rf.5f8958415c5e0ebcbd325502c9578f7d.jpg,CATEGORY_PROXY_Bandhani,unknown_unannotated,train
train/Bandhani/sfd06_jpg.rf.b1d9aae2881c4122c0c0c332af5d8b4f.jpg,CATEGORY_PROXY_Bandhani,unknown_unannotated,train
train/Bandhani/sfd06_jpg.rf.cb701480793904d61c223fa3511b639f.jpg,CATEGORY_PROXY_Bandhani,unknown_unannotated,train
train/Bandhani/sfi11-brownie_jpg.rf.397da19a56b9430397c1ef624b7fd8dd.jpg,CATEGORY_PROXY_Bandhani,unknown_unannotated,train
train/Bandhani/sfi11-brownie_jpg.rf.58b8b56c5e236c15a23cafa6ef9bab94.jpg,CATEGORY_PROXY_Bandhani,unknown_unannotated,train
train/Bandhani/sfi11-brownie_jpg.rf.7607f4f7a6e7e5e0d894e8b4ed771ba8.jpg,CATEGORY_PROXY_Bandhani,unknown_unannotated,train
train/Bandhani/voilet-bandhani-handwoven-banarasi-silk-fabric-307829_800x_jpg.rf.8ed128ae966c412db9d50cc5382ccfae.jpg,CATEGORY_PROXY_Bandhani,unknown_unannotated,train
train/Bandhani/voilet-bandhani-handwoven-banarasi-silk-fabric-307829_800x_jpg.rf.bc2c121ddc3550f23b8da37083be870c.jpg,CATEGORY_PROXY_Bandhani,unknown_unannotated,train
train/Bandhani/voilet-bandhani-handwoven-banarasi-silk-fabric-307829_800x_jpg.rf.c1a1088c44a5daa0c21c7820f340e4e7.jpg,CATEGORY_PROXY_Bandhani,unknown_unannotated,train
train/Bandhani/white-and-yellow-bandhani-print-on-red-kota-doria-fabric-894909_jpg.rf.8eee27745f81edcc30eca10ddc838759.jpg,CATEGORY_PROXY_Bandhani,unknown_unannotated,train
train/Bandhani/white-and-yellow-bandhani-print-on-red-kota-doria-fabric-894909_jpg.rf.ac5987c710bbfb9d126800b07f45150d.jpg,CATEGORY_PROXY_Bandhani,unknown_unannotated,train
train/Bandhani/white-and-yellow-bandhani-print-on-red-kota-doria-fabric-894909_jpg.rf.ceed152596379924d1f67dff172657b8.jpg,CATEGORY_PROXY_Bandhani,unknown_unannotated,train
train/Ikat/-473Wx593H-469483204-multi-MODEL_jpg.rf.0028587ae2384a6a4bd0fa8cf6477125.jpg,CATEGORY_PROXY_Ikat,unknown_unannotated,train
train/Ikat/-473Wx593H-469483204-multi-MODEL_jpg.rf.b7c4dcbe7be6af5bc3f4c767b0b9d03b.jpg,CATEGORY_PROXY_Ikat,unknown_unannotated,train
train/Ikat/-473Wx593H-469483204-multi-MODEL_jpg.rf.fd58c9bca1c0f2a633c22cac2330a54c.jpg,CATEGORY_PROXY_Ikat,unknown_unannotated,train
train/Ikat/-473Wx593H-469483210-multi-MODEL_jpg.rf.6a34a4af1aaf551cbbd4018d7c5b436a.jpg,CATEGORY_PROXY_Ikat,unknown_unannotated,train
train/Ikat/-473Wx593H-469483210-multi-MODEL_jpg.rf.efb264b3a3cf06911b64a06ff34921d3.jpg,CATEGORY_PROXY_Ikat,unknown_unannotated,train
train/Ikat/-473Wx593H-469483210-multi-MODEL_jpg.rf.fb060b01725f1b7366c047bff7a76e2e.jpg,CATEGORY_PROXY_Ikat,unknown_unannotated,train
train/Ikat/1-5-5_jpg.rf.22a80ae5ba30499032f8af935ccb61e0.jpg,CATEGORY_PROXY_Ikat,unknown_unannotated,train
train/Ikat/1-5-5_jpg.rf.4730845f18bef2aa9223fd3ba04f1d84.jpg,CATEGORY_PROXY_Ikat,unknown_unannotated,train
train/Ikat/1-5-5_jpg.rf.97c249bb7e4f7811c2c0b686492ce5ac.jpg,CATEGORY_PROXY_Ikat,unknown_unannotated,train
train/Ikat/1-58_jpg.rf.2d95c2d30568dcd654592cdebbefe3da.jpg,CATEGORY_PROXY_Ikat,unknown_unannotated,train
train/Ikat/1-58_jpg.rf.3456de6761ec88d64f56368453a74c52.jpg,CATEGORY_PROXY_Ikat,unknown_unannotated,train
train/Ikat/1-58_jpg.rf.f8ae880c07ab38024a4094843cfdb230.jpg,CATEGORY_PROXY_Ikat,unknown_unannotated,train
train/Ikat/1_VSNAPBM10058135_profile_jpg.rf.55dadff9865ad606ec20a52d1f20ce75.jpg,CATEGORY_PROXY_Ikat,unknown_unannotated,train
train/Ikat/1_VSNAPBM10058135_profile_jpg.rf.5729a125562d7c9a964e1bc0a3494046.jpg,CATEGORY_PROXY_Ikat,unknown_unannotated,train
train/Ikat/1_VSNAPBM10058135_profile_jpg.rf.598899478ce034c577f95356c5650207.jpg,CATEGORY_PROXY_Ikat,unknown_unannotated,train
train/Ikat/1TTXGENAP06528_1_jpg.rf.1c35e5671c5e7c7c2e93ab7a2fbb0c6c.jpg,CATEGORY_PROXY_Ikat,unknown_unannotated,train
train/Ikat/1TTXGENAP06528_1_jpg.rf.448c0f773c25a527e810e672f25960ce.jpg,CATEGORY_PROXY_Ikat,unknown_unannotated,train
train/Ikat/1TTXGENAP06528_1_jpg.rf.84067cb0f854e447e17b5db3b569d87f.jpg,CATEGORY_PROXY_Ikat,unknown_unannotated,train
train/Ikat/1TTXGENAP06537_1_jpg.rf.2b353682200ba3ec06b5e1fae1623639.jpg,CATEGORY_PROXY_Ikat,unknown_unannotated,train
train/Ikat/1TTXGENAP06537_1_jpg.rf.531a2657ae0e44b33a9add989e09d5f4.jpg,CATEGORY_PROXY_Ikat,unknown_unannotated,train
train/Ikat/1TTXGENAP06537_1_jpg.rf.97e438c801b692c8828ce99818fd6854.jpg,CATEGORY_PROXY_Ikat,unknown_unannotated,train
train/Ikat/20220116-163925-jpg-500x500_jpg.rf.57cbb014712ecb11412f55eecaaee5dc.jpg,CATEGORY_PROXY_Ikat,unknown_unannotated,train
train/Ikat/20220116-163925-jpg-500x500_jpg.rf.bfd8cd87a1443a5dc92d4a348f6cf845.jpg,CATEGORY_PROXY_Ikat,unknown_unannotated,train
train/Ikat/20220116-163925-jpg-500x500_jpg.rf.ef1587d890df5ef3b25f76d6b7e1c575.jpg,CATEGORY_PROXY_Ikat,unknown_unannotated,train
train/Ikat/274AF444-2B22-491F-BE62-B74D032FBD49_1_201_a_1024x10242x_jpg.rf.221bcdb0709a25590c594b76bda51eff.jpg,CATEGORY_PROXY_Ikat,unknown_unannotated,train
train/Ikat/274AF444-2B22-491F-BE62-B74D032FBD49_1_201_a_1024x10242x_jpg.rf.30ef37dc89a48374b8fd2a10aeab1665.jpg,CATEGORY_PROXY_Ikat,unknown_unannotated,train
train/Ikat/274AF444-2B22-491F-BE62-B74D032FBD49_1_201_a_1024x10242x_jpg.rf.c08d8e8d76fad32c36211727f1499144.jpg,CATEGORY_PROXY_Ikat,unknown_unannotated,train
train/Ikat/3E9A9863_c343de3b-c5eb-4c55-a9ac-660be72eb393_jpg.rf.389211e9a0d582adeb57430bcb4e8fbf.jpg,CATEGORY_PROXY_Ikat,unknown_unannotated,train
train/Ikat/3E9A9863_c343de3b-c5eb-4c55-a9ac-660be72eb393_jpg.rf.6683e3087b4961212b0139e7f5a824aa.jpg,CATEGORY_PROXY_Ikat,unknown_unannotated,train
train/Ikat/3E9A9863_c343de3b-c5eb-4c55-a9ac-660be72eb393_jpg.rf.d714e6a9643863f61f5b6a245aeed2dc.jpg,CATEGORY_PROXY_Ikat,unknown_unannotated,train
train/Ikat/4_207ea6dd-f069-48e9-b64a-7e89691819a3_jpg.rf.3ac44b3de0baebbdd1a487da773950e7.jpg,CATEGORY_PROXY_Ikat,unknown_unannotated,train
train/Ikat/4_207ea6dd-f069-48e9-b64a-7e89691819a3_jpg.rf.5ad8727e9941477c5a41aac9dddbb859.jpg,CATEGORY_PROXY_Ikat,unknown_unannotated,train
train/Ikat/4_207ea6dd-f069-48e9-b64a-7e89691819a3_jpg.rf.dc60138458dc1fb2f22b9dd1ae070de1.jpg,CATEGORY_PROXY_Ikat,unknown_unannotated,train
train/Ikat/51033030-e5ae-4c6d-8aa8-9625fde8ce96_jpg.rf.340898ed5b6fccc4f460307f0dd692a1.jpg,CATEGORY_PROXY_Ikat,unknown_unannotated,train
train/Ikat/51033030-e5ae-4c6d-8aa8-9625fde8ce96_jpg.rf.6006164e442efbdd5604daa34e2c6b23.jpg,CATEGORY_PROXY_Ikat,unknown_unannotated,train
train/Ikat/51033030-e5ae-4c6d-8aa8-9625fde8ce96_jpg.rf.f969e7048d8c8110282c76cb5bdedf24.jpg,CATEGORY_PROXY_Ikat,unknown_unannotated,train
train/Ikat/55f7c953-8e93-443f-a636-9f8bd6df313f_jpg.rf.5aeb41c5c7015451205536b2123d1c81.jpg,CATEGORY_PROXY_Ikat,unknown_unannotated,train
train/Ikat/55f7c953-8e93-443f-a636-9f8bd6df313f_jpg.rf.9ef4b60847e74ca43aa030e50b117b70.jpg,CATEGORY_PROXY_Ikat,unknown_unannotated,train
train/Ikat/55f7c953-8e93-443f-a636-9f8bd6df313f_jpg.rf.d813e05e5654e87c7b4447fe42a5c2e6.jpg,CATEGORY_PROXY_Ikat,unknown_unannotated,train
train/Ikat/643cfca3-0895-4cfd-a35f-721fddce69c3_jpg.rf.4371139546d1c84865a0bfb6ffecd260.jpg,CATEGORY_PROXY_Ikat,unknown_unannotated,train
train/Ikat/643cfca3-0895-4cfd-a35f-721fddce69c3_jpg.rf.9fa05b2759523a21cc9f62e0b8231dad.jpg,CATEGORY_PROXY_Ikat,unknown_unannotated,train
train/Ikat/643cfca3-0895-4cfd-a35f-721fddce69c3_jpg.rf.b04306d1a459e953bccaed77167e9e6d.jpg,CATEGORY_PROXY_Ikat,unknown_unannotated,train
train/Ikat/76_jpg.rf.17ef3b304693f49a0d31fea641a6dcde.jpg,CATEGORY_PROXY_Ikat,unknown_unannotated,train
train/Ikat/76_jpg.rf.7b0a6e0d44e4010918cb742e677d12cd.jpg,CATEGORY_PROXY_Ikat,unknown_unannotated,train
train/Ikat/76_jpg.rf.d4c12f5b11dc21f8f0e5e413fe558863.jpg,CATEGORY_PROXY_Ikat,unknown_unannotated,train
train/Ikat/79_jpg.rf.0c5cf818839ed567b2d2cb6b1802c135.jpg,CATEGORY_PROXY_Ikat,unknown_unannotated,train
train/Ikat/79_jpg.rf.2b6c03a243fa81115c03ad87cf445dc8.jpg,CATEGORY_PROXY_Ikat,unknown_unannotated,train
train/Ikat/79_jpg.rf.f0aacf2a39e9dad0aa720828f35f9f70.jpg,CATEGORY_PROXY_Ikat,unknown_unannotated,train
train/Ikat/81wSwI-oXkL-_AC_UY1100__jpg.rf.51e523ebec226897137f68adaa6cf9a3.jpg,CATEGORY_PROXY_Ikat,unknown_unannotated,train
train/Ikat/81wSwI-oXkL-_AC_UY1100__jpg.rf.5ead837748d0b3b1ff6b4c3e4e98551e.jpg,CATEGORY_PROXY_Ikat,unknown_unannotated,train
train/Ikat/81wSwI-oXkL-_AC_UY1100__jpg.rf.89c8550f44f616224ea1cfc32805af11.jpg,CATEGORY_PROXY_Ikat,unknown_unannotated,train
train/Ikat/82045761-397D-4E96-95F8-C0C9C0D99272_jpg.rf.5e745ecee026ec3f9307b5896271a485.jpg,CATEGORY_PROXY_Ikat,unknown_unannotated,train
train/Ikat/82045761-397D-4E96-95F8-C0C9C0D99272_jpg.rf.9976177899a8507eb9f8844ac4bc90d1.jpg,CATEGORY_PROXY_Ikat,unknown_unannotated,train
train/Ikat/82045761-397D-4E96-95F8-C0C9C0D99272_jpg.rf.d0963f44775a25d554919fb1b1708a47.jpg,CATEGORY_PROXY_Ikat,unknown_unannotated,train
train/Ikat/91Id57ZGPQL-_AC_UY1100__jpg.rf.785b699990fc3fee2336509e1cdc59a1.jpg,CATEGORY_PROXY_Ikat,unknown_unannotated,train
train/Ikat/91Id57ZGPQL-_AC_UY1100__jpg.rf.b9404d0229caaf622b71d8e5513ba4f4.jpg,CATEGORY_PROXY_Ikat,unknown_unannotated,train
train/Ikat/91Id57ZGPQL-_AC_UY1100__jpg.rf.c3932c2a3b48be2beb5ef5695b451a7a.jpg,CATEGORY_PROXY_Ikat,unknown_unannotated,train
train/Ikat/ABB80897-FE29-4D7E-9FB3-438565872A39_1_201_a_1024x10242x_jpg.rf.9512359a7cf451f58414a7be845bf4c7.jpg,CATEGORY_PROXY_Ikat,unknown_unannotated,train
train/Ikat/ABB80897-FE29-4D7E-9FB3-438565872A39_1_201_a_1024x10242x_jpg.rf.ad8e91f22859631badc920e7799f9a20.jpg,CATEGORY_PROXY_Ikat,unknown_unannotated,train
train/Ikat/ABB80897-FE29-4D7E-9FB3-438565872A39_1_201_a_1024x10242x_jpg.rf.cfbc8933efd57065309a23474c23ab59.jpg,CATEGORY_PROXY_Ikat,unknown_unannotated,train
train/Ikat/dsc00106_jpg.rf.453aea36d414f6a360be36842617077a.jpg,CATEGORY_PROXY_Ikat,unknown_unannotated,train
train/Ikat/dsc00106_jpg.rf.801cc5fe00801f72d49ff244e3c32546.jpg,CATEGORY_PROXY_Ikat,unknown_unannotated,train
train/Ikat/dsc00106_jpg.rf.e3a4a4f1c7351b517c53a2e5e326c47f.jpg,CATEGORY_PROXY_Ikat,unknown_unannotated,train
train/Ikat/dsc00117_jpg.rf.6dc2628320a25d2b75f2040ff4f60e11.jpg,CATEGORY_PROXY_Ikat,unknown_unannotated,train
train/Ikat/dsc00117_jpg.rf.b855495c8dff4c8e9f4fcc2e01085569.jpg,CATEGORY_PROXY_Ikat,unknown_unannotated,train
train/Ikat/dsc00117_jpg.rf.f811e3261a269ac8d2bf7cbad6d9e6b0.jpg,CATEGORY_PROXY_Ikat,unknown_unannotated,train
train/Ikat/dsc09950_jpg.rf.7d10ed5230a5b4900b222a6e7323aa66.jpg,CATEGORY_PROXY_Ikat,unknown_unannotated,train
train/Ikat/dsc09950_jpg.rf.eaa84762a58f371c2746021c33e2ed57.jpg,CATEGORY_PROXY_Ikat,unknown_unannotated,train
train/Ikat/dsc09950_jpg.rf.f4b908d5af7ff2f4c07f2b18b99100f1.jpg,CATEGORY_PROXY_Ikat,unknown_unannotated,train
train/Ikat/dsc09952_1800x1800_jpg.rf.09a523f8647e4fb7d0cec6e44691b131.jpg,CATEGORY_PROXY_Ikat,unknown_unannotated,train
train/Ikat/dsc09952_1800x1800_jpg.rf.93364d04a99da89fdf4531b613ef0f2a.jpg,CATEGORY_PROXY_Ikat,unknown_unannotated,train
train/Ikat/dsc09952_1800x1800_jpg.rf.fd803d668e6737a7928c6382c2fadd4a.jpg,CATEGORY_PROXY_Ikat,unknown_unannotated,train
train/Ikat/e42f5dd20f355044d6cda9e30444b36c_jpg.rf.2a4df28b65657caf609b5cc9b8e58d5a.jpg,CATEGORY_PROXY_Ikat,unknown_unannotated,train
train/Ikat/e42f5dd20f355044d6cda9e30444b36c_jpg.rf.3a94c2c2bef697aadf4ff6eab0048227.jpg,CATEGORY_PROXY_Ikat,unknown_unannotated,train
train/Ikat/e42f5dd20f355044d6cda9e30444b36c_jpg.rf.c02dce228db6b6e3581c182a3261df02.jpg,CATEGORY_PROXY_Ikat,unknown_unannotated,train
train/Ikat/F-IKCT0707-A_jpg.rf.482685ca00acf755d9f2e6303e0d589c.jpg,CATEGORY_PROXY_Ikat,unknown_unannotated,train
train/Ikat/F-IKCT0707-A_jpg.rf.534d0c695e6a1a85a4c4b37c8d516481.jpg,CATEGORY_PROXY_Ikat,unknown_unannotated,train
train/Ikat/F-IKCT0707-A_jpg.rf.d9c437c3145c59f8058d96b5fe0dfab2.jpg,CATEGORY_PROXY_Ikat,unknown_unannotated,train
train/Ikat/F-IKCT0720-A_jpg.rf.3345e34371e23ef4b181d7109a99a1cc.jpg,CATEGORY_PROXY_Ikat,unknown_unannotated,train
train/Ikat/F-IKCT0720-A_jpg.rf.65281d6a6405f6711de6723d13a26b1d.jpg,CATEGORY_PROXY_Ikat,unknown_unannotated,train
train/Ikat/F-IKCT0720-A_jpg.rf.8c0741eb95601bdbffb2af1b14565cec.jpg,CATEGORY_PROXY_Ikat,unknown_unannotated,train
train/Ikat/F-IKCT0752-A_jpg.rf.29b8b2cc82376be64f6a5b70d40d2cab.jpg,CATEGORY_PROXY_Ikat,unknown_unannotated,train
train/Ikat/F-IKCT0752-A_jpg.rf.442a387b21871dc4ac8645e4a946a64c.jpg,CATEGORY_PROXY_Ikat,unknown_unannotated,train
train/Ikat/F-IKCT0752-A_jpg.rf.5425b7901d1bb71241425125f91b2635.jpg,CATEGORY_PROXY_Ikat,unknown_unannotated,train
train/Ikat/F-IKCT0790-A_jpg.rf.3090ac5f23dd84a0c66a2ac83fd4e416.jpg,CATEGORY_PROXY_Ikat,unknown_unannotated,train
train/Ikat/F-IKCT0790-A_jpg.rf.9641a7c979ac8cac72b62b12bc1cb71b.jpg,CATEGORY_PROXY_Ikat,unknown_unannotated,train
train/Ikat/F-IKCT0790-A_jpg.rf.cbc339628936ae04b5126d4afe5a8c09.jpg,CATEGORY_PROXY_Ikat,unknown_unannotated,train
train/Ikat/f07b7a09-67bf-43b5-b6a6-4897f0b7130c_jpg.rf.6bac06eedd40000cede17b9892f5f37b.jpg,CATEGORY_PROXY_Ikat,unknown_unannotated,train
train/Ikat/f07b7a09-67bf-43b5-b6a6-4897f0b7130c_jpg.rf.a5d902def0733417d89929121a2559d8.jpg,CATEGORY_PROXY_Ikat,unknown_unannotated,train
train/Ikat/f07b7a09-67bf-43b5-b6a6-4897f0b7130c_jpg.rf.e16e3855eeb70671f8e8dad758e85c4f.jpg,CATEGORY_PROXY_Ikat,unknown_unannotated,train
train/Ikat/f23-2_cbcc9ff5-b9bf-4389-9b86-23112a581598_1024x_jpg.rf.bab721e58eba884cd4674dd3a1fadcfd.jpg,CATEGORY_PROXY_Ikat,unknown_unannotated,train
train/Ikat/f23-2_cbcc9ff5-b9bf-4389-9b86-23112a581598_1024x_jpg.rf.c1287af845ca38274808b401470ca256.jpg,CATEGORY_PROXY_Ikat,unknown_unannotated,train
train/Ikat/f23-2_cbcc9ff5-b9bf-4389-9b86-23112a581598_1024x_jpg.rf.ff9ef73af7a33057d570258bd1d926f0.jpg,CATEGORY_PROXY_Ikat,unknown_unannotated,train
train/Ikat/f23-3_28011e9d-4d11-40a8-8ead-d1570fd16907_1200x_jpg.rf.31af75e0f1f0c84aec1abcb68c0a0fe8.jpg,CATEGORY_PROXY_Ikat,unknown_unannotated,train
train/Ikat/f23-3_28011e9d-4d11-40a8-8ead-d1570fd16907_1200x_jpg.rf.6050478d7b0904ac25be3ba6ed3166f7.jpg,CATEGORY_PROXY_Ikat,unknown_unannotated,train
train/Ikat/f23-3_28011e9d-4d11-40a8-8ead-d1570fd16907_1200x_jpg.rf.b9c7118ff5b0199e0e0953d663a2abf5.jpg,CATEGORY_PROXY_Ikat,unknown_unannotated,train
train/Ikat/f39-3_90da3663-47f5-44f4-80c1-4b687fbe2973_1024x_jpg.rf.5391ccfaa6496e5e281d35f31f79c3e7.jpg,CATEGORY_PROXY_Ikat,unknown_unannotated,train
train/Ikat/f39-3_90da3663-47f5-44f4-80c1-4b687fbe2973_1024x_jpg.rf.98adfaa423bb9e94257dd42c7db8a768.jpg,CATEGORY_PROXY_Ikat,unknown_unannotated,train
train/Ikat/f39-3_90da3663-47f5-44f4-80c1-4b687fbe2973_1024x_jpg.rf.f4a873e2f033fd3118ea67ccf41a343a.jpg,CATEGORY_PROXY_Ikat,unknown_unannotated,train
train/Ikat/f40-1_69237dc8-6fea-4fad-95fe-fcd678be28d0_1024x_jpg.rf.157f6e5d2e67c34fb8f4c0b82a7c7b27.jpg,CATEGORY_PROXY_Ikat,unknown_unannotated,train
train/Ikat/f40-1_69237dc8-6fea-4fad-95fe-fcd678be28d0_1024x_jpg.rf.2705c86f5223b2a8cfbd1795acf82b1a.jpg,CATEGORY_PROXY_Ikat,unknown_unannotated,train
train/Ikat/f40-1_69237dc8-6fea-4fad-95fe-fcd678be28d0_1024x_jpg.rf.d5b84b5de08e2c4fca5576d47797fb66.jpg,CATEGORY_PROXY_Ikat,unknown_unannotated,train
train/Ikat/f46-1_21128d53-1a33-419c-9643-58618f1013c8_jpg.rf.03af1bfb0c264aeceaca5080b9ea5fc8.jpg,CATEGORY_PROXY_Ikat,unknown_unannotated,train
train/Ikat/f46-1_21128d53-1a33-419c-9643-58618f1013c8_jpg.rf.2c05db532f2f88f89cb77f20451ad5cc.jpg,CATEGORY_PROXY_Ikat,unknown_unannotated,train
train/Ikat/f46-1_21128d53-1a33-419c-9643-58618f1013c8_jpg.rf.e1ac80b99a36584c5364b0d622fece1b.jpg,CATEGORY_PROXY_Ikat,unknown_unannotated,train
train/Ikat/F88AC223-FA52-42A5-8A04-20DE2571C66C_1_201_a_300x300_jpg.rf.14ff64d24083c215299a9249fb091421.jpg,CATEGORY_PROXY_Ikat,unknown_unannotated,train
train/Ikat/F88AC223-FA52-42A5-8A04-20DE2571C66C_1_201_a_300x300_jpg.rf.a56fcbfcfefe22052bacf647ce36bd38.jpg,CATEGORY_PROXY_Ikat,unknown_unannotated,train
train/Ikat/F88AC223-FA52-42A5-8A04-20DE2571C66C_1_201_a_300x300_jpg.rf.f53cfdaeaede6b1c6173b0dc6d44025c.jpg,CATEGORY_PROXY_Ikat,unknown_unannotated,train
train/Ikat/free-size-skin-friendly-multi-color-handloom-pochampally-ikkat-cotton-printed-dress-fabric-628_jpg.rf.1ef81c2fad98783201ff84f76800cf06.jpg,CATEGORY_PROXY_Ikat,unknown_unannotated,train
train/Ikat/free-size-skin-friendly-multi-color-handloom-pochampally-ikkat-cotton-printed-dress-fabric-628_jpg.rf.27d23b57ca3ef02625fb56fc2ddbd89a.jpg,CATEGORY_PROXY_Ikat,unknown_unannotated,train
train/Ikat/free-size-skin-friendly-multi-color-handloom-pochampally-ikkat-cotton-printed-dress-fabric-628_jpg.rf.73d9a1fd71d8235c68b4a1a1bd3d5f09.jpg,CATEGORY_PROXY_Ikat,unknown_unannotated,train
train/Ikat/fsi2450401d_grande_jpg.rf.33c5905b0f969764088eaade8db16b9c.jpg,CATEGORY_PROXY_Ikat,unknown_unannotated,train
train/Ikat/fsi2450401d_grande_jpg.rf.611173ba787e1274bdf1cac9550656c3.jpg,CATEGORY_PROXY_Ikat,unknown_unannotated,train
train/Ikat/fsi2450401d_grande_jpg.rf.ec6886d35845dfe528b128c6c2ee8c1e.jpg,CATEGORY_PROXY_Ikat,unknown_unannotated,train
train/Ikat/fsi2450501k1_400x_crop_center_jpg.rf.48291be444e8f61797b220569dda22a3.jpg,CATEGORY_PROXY_Ikat,unknown_unannotated,train
train/Ikat/fsi2450501k1_400x_crop_center_jpg.rf.78ce735af91fca1234d16129980a8ed0.jpg,CATEGORY_PROXY_Ikat,unknown_unannotated,train
train/Ikat/fsi2450501k1_400x_crop_center_jpg.rf.791dc6764b3a6ddf4e950af4adc1edd3.jpg,CATEGORY_PROXY_Ikat,unknown_unannotated,train
train/Ikat/gcgbhcofba0183__5_jpg.rf.100984433846c04b416ca97a93b70ec8.jpg,CATEGORY_PROXY_Ikat,unknown_unannotated,train
train/Ikat/gcgbhcofba0183__5_jpg.rf.d857b653700305c1a09b185673b748e4.jpg,CATEGORY_PROXY_Ikat,unknown_unannotated,train
train/Ikat/gcgbhcofba0183__5_jpg.rf.f6e7157d970fff6f6690f276bc263719.jpg,CATEGORY_PROXY_Ikat,unknown_unannotated,train
train/Ikat/GCTVTCOFBA0188_1_jpg.rf.01bca2174794a925b866782020a3c459.jpg,CATEGORY_PROXY_Ikat,unknown_unannotated,train
train/Ikat/GCTVTCOFBA0188_1_jpg.rf.218d60e2aa656f25659f62b514154bbb.jpg,CATEGORY_PROXY_Ikat,unknown_unannotated,train
train/Ikat/GCTVTCOFBA0188_1_jpg.rf.472d6ae35ab9c502d56d8d4a44432723.jpg,CATEGORY_PROXY_Ikat,unknown_unannotated,train
train/Ikat/GCTVTCOFBA0188_3_1800x1800_jpg.rf.2dd4588219bd13ba09cba04aa62e6f3b.jpg,CATEGORY_PROXY_Ikat,unknown_unannotated,train
train/Ikat/GCTVTCOFBA0188_3_1800x1800_jpg.rf.c43c4861741e8395c3e39ccb0845ff84.jpg,CATEGORY_PROXY_Ikat,unknown_unannotated,train
train/Ikat/GCTVTCOFBA0188_3_1800x1800_jpg.rf.d98c98a8ffbe2f8a1cb7a904907787bc.jpg,CATEGORY_PROXY_Ikat,unknown_unannotated,train
train/Ikat/gsosaincofb252-_284_29_1800x1800_jpg.rf.5177220b743ee2cd9492eb3c7dfcf5fb.jpg,CATEGORY_PROXY_Ikat,unknown_unannotated,train
train/Ikat/gsosaincofb252-_284_29_1800x1800_jpg.rf.9cd9cb2a2fdcc57b051c66a9cd2c6acf.jpg,CATEGORY_PROXY_Ikat,unknown_unannotated,train
train/Ikat/gsosaincofb252-_284_29_1800x1800_jpg.rf.b79c69e776896b72f848f382884a8f94.jpg,CATEGORY_PROXY_Ikat,unknown_unannotated,train
train/Ikat/gsosaincofb260-_285_29_jpg.rf.6888223c5d637c1045e9bfdbb84b805e.jpg,CATEGORY_PROXY_Ikat,unknown_unannotated,train
train/Ikat/gsosaincofb260-_285_29_jpg.rf.9611bfd242743c2d9ee4078524eb4a4d.jpg,CATEGORY_PROXY_Ikat,unknown_unannotated,train
train/Ikat/gsosaincofb260-_285_29_jpg.rf.a2c82785a082c2fcdd035c7a0dad0331.jpg,CATEGORY_PROXY_Ikat,unknown_unannotated,train
train/Ikat/Handwoven20Cotton20Pochampally20Dark20Pink20Ikat20Fabric-1000x1000_jpeg.rf.41967ffb34218a08e9638e1c34386111.jpg,CATEGORY_PROXY_Ikat,unknown_unannotated,train
train/Ikat/Handwoven20Cotton20Pochampally20Dark20Pink20Ikat20Fabric-1000x1000_jpeg.rf.6dc872b05292a0ec2835dc4795e865e5.jpg,CATEGORY_PROXY_Ikat,unknown_unannotated,train
train/Ikat/Handwoven20Cotton20Pochampally20Dark20Pink20Ikat20Fabric-1000x1000_jpeg.rf.cac07c5992ea6cdd37dea7e49ca8e013.jpg,CATEGORY_PROXY_Ikat,unknown_unannotated,train
train/Ikat/IKA-F-52_3_0e3ac7e1-f6a2-4555-81e9-ef2b15c6396a_jpg.rf.7a649fdedb1a316c26dfeb4d2c09961e.jpg,CATEGORY_PROXY_Ikat,unknown_unannotated,train
train/Ikat/IKA-F-52_3_0e3ac7e1-f6a2-4555-81e9-ef2b15c6396a_jpg.rf.8afc175d30f6628f4d2178d9768e20fb.jpg,CATEGORY_PROXY_Ikat,unknown_unannotated,train
train/Ikat/IKA-F-52_3_0e3ac7e1-f6a2-4555-81e9-ef2b15c6396a_jpg.rf.f189c00de86b889ced4abe563fd5e6a3.jpg,CATEGORY_PROXY_Ikat,unknown_unannotated,train
train/Ikat/IKKA356-F-1002485_3_492e372d-c9b3-4e51-9816-205f0d64ce22_jpg.rf.a08ebd5eb5ba6e35fd355180fd8b150b.jpg,CATEGORY_PROXY_Ikat,unknown_unannotated,train
train/Ikat/IKKA356-F-1002485_3_492e372d-c9b3-4e51-9816-205f0d64ce22_jpg.rf.d6b0972bf28418c823cde9ebc4e05309.jpg,CATEGORY_PROXY_Ikat,unknown_unannotated,train
train/Ikat/IKKA356-F-1002485_3_492e372d-c9b3-4e51-9816-205f0d64ce22_jpg.rf.fa0b0aa0845c2b417f953880068268c3.jpg,CATEGORY_PROXY_Ikat,unknown_unannotated,train
train/Ikat/IKKA370-F-1002848_1_fcea21f3-78f1-4c50-96f4-75308e5d4d93_jpg.rf.c2e51ffe8cfea8bd9802181cc02c659e.jpg,CATEGORY_PROXY_Ikat,unknown_unannotated,train
train/Ikat/IKKA370-F-1002848_1_fcea21f3-78f1-4c50-96f4-75308e5d4d93_jpg.rf.e86fb2b4c15b58239091d41f88f0a9f7.jpg,CATEGORY_PROXY_Ikat,unknown_unannotated,train
train/Ikat/IKKA370-F-1002848_1_fcea21f3-78f1-4c50-96f4-75308e5d4d93_jpg.rf.fa0d99938af9e0895f8a78d6eb96ea37.jpg,CATEGORY_PROXY_Ikat,unknown_unannotated,train
train/Ikat/ikkat-silk-fabric-light-pink-color-pochampallysarees-com_jpg.rf.8bd9dcd7bd122e8970eb9e6f1e249970.jpg,CATEGORY_PROXY_Ikat,unknown_unannotated,train
train/Ikat/ikkat-silk-fabric-light-pink-color-pochampallysarees-com_jpg.rf.bce6050e8a84b06d8e1fe9bcc43e1d2f.jpg,CATEGORY_PROXY_Ikat,unknown_unannotated,train
train/Ikat/ikkat-silk-fabric-light-pink-color-pochampallysarees-com_jpg.rf.ff569a721a097ecd694d1abc93af60c9.jpg,CATEGORY_PROXY_Ikat,unknown_unannotated,train
train/Ikat/Ikkat_Cotton_Fabric_material-ICFM0014_jpg.rf.60071762030859aa9d9e56cc9907c391.jpg,CATEGORY_PROXY_Ikat,unknown_unannotated,train
train/Ikat/Ikkat_Cotton_Fabric_material-ICFM0014_jpg.rf.79bcc38b9b105e743dbf7833f24b786c.jpg,CATEGORY_PROXY_Ikat,unknown_unannotated,train
train/Ikat/Ikkat_Cotton_Fabric_material-ICFM0014_jpg.rf.d59932069cf652523c13e889d1dfd7d7.jpg,CATEGORY_PROXY_Ikat,unknown_unannotated,train
train/Ikat/Ikkat_Cotton_Fabric_material-ICFM001_jpg.rf.8e502f5980c2eba6ebb93ef28cba05d1.jpg,CATEGORY_PROXY_Ikat,unknown_unannotated,train
train/Ikat/Ikkat_Cotton_Fabric_material-ICFM001_jpg.rf.c0ff72507001a8d5516bd65fedf46b18.jpg,CATEGORY_PROXY_Ikat,unknown_unannotated,train
train/Ikat/Ikkat_Cotton_Fabric_material-ICFM001_jpg.rf.d34bae2859c53e56b0fa78725dc4f44e.jpg,CATEGORY_PROXY_Ikat,unknown_unannotated,train
train/Ikat/image10_jpeg.rf.10daa721fa9cb18a8afc083ed37cc788.jpg,CATEGORY_PROXY_Ikat,unknown_unannotated,train
train/Ikat/image10_jpeg.rf.5793c81a4158d91b7461b7b64a77d7d4.jpg,CATEGORY_PROXY_Ikat,unknown_unannotated,train
train/Ikat/image10_jpeg.rf.a469adfa36b7a9cb3e4d0b99557e61ca.jpg,CATEGORY_PROXY_Ikat,unknown_unannotated,train
train/Ikat/image13_jpeg.rf.e1dd1317e78afe610a397ee1baa27a5f.jpg,CATEGORY_PROXY_Ikat,unknown_unannotated,train
train/Ikat/image13_jpeg.rf.ee43f66850467f108d3bc701e2ee7e49.jpg,CATEGORY_PROXY_Ikat,unknown_unannotated,train
train/Ikat/image13_jpeg.rf.efbff6f8c3dfe8f42ed1ff2c46234b42.jpg,CATEGORY_PROXY_Ikat,unknown_unannotated,train
train/Ikat/image14_jpeg.rf.2aea62d6fceaeed64ea1bc1b766c842e.jpg,CATEGORY_PROXY_Ikat,unknown_unannotated,train
train/Ikat/image14_jpeg.rf.7007a131504b0d9c2b1b86357c63691d.jpg,CATEGORY_PROXY_Ikat,unknown_unannotated,train
train/Ikat/image14_jpeg.rf.784f5d173449e30df523a0273a3d7709.jpg,CATEGORY_PROXY_Ikat,unknown_unannotated,train
train/Ikat/image19_jpeg.rf.0edf67e6afe4c4528d1dc1cc522f1179.jpg,CATEGORY_PROXY_Ikat,unknown_unannotated,train
train/Ikat/image19_jpeg.rf.19cfbf1beb48c7f864d21c6d985a092f.jpg,CATEGORY_PROXY_Ikat,unknown_unannotated,train
train/Ikat/image19_jpeg.rf.8e9d0918b01b4f9fa82b995be07a56a6.jpg,CATEGORY_PROXY_Ikat,unknown_unannotated,train
train/Ikat/image21_jpeg.rf.130f16dec39fe4660aec19a5098acdbc.jpg,CATEGORY_PROXY_Ikat,unknown_unannotated,train
train/Ikat/image21_jpeg.rf.4adf57976f4b5712641dcb050910f500.jpg,CATEGORY_PROXY_Ikat,unknown_unannotated,train
train/Ikat/image21_jpeg.rf.787768ef8b962fa3606858085b51bbdb.jpg,CATEGORY_PROXY_Ikat,unknown_unannotated,train
train/Ikat/image22_jpeg.rf.7a427915e935b32d506bce174890a59a.jpg,CATEGORY_PROXY_Ikat,unknown_unannotated,train
train/Ikat/image22_jpeg.rf.87a481d51d111d053fb88fab96bbe004.jpg,CATEGORY_PROXY_Ikat,unknown_unannotated,train
train/Ikat/image22_jpeg.rf.8a0d6201d822ab1b22eaeabc2eceb0f6.jpg,CATEGORY_PROXY_Ikat,unknown_unannotated,train
train/Ikat/image24_jpeg.rf.665b995ac70f60f6034475989f6e4770.jpg,CATEGORY_PROXY_Ikat,unknown_unannotated,train
train/Ikat/image24_jpeg.rf.b815d8f4bd72fcb0bc6e9c874deaf933.jpg,CATEGORY_PROXY_Ikat,unknown_unannotated,train
train/Ikat/image24_jpeg.rf.c7cc1724dcf6a677412281dcddc0eb01.jpg,CATEGORY_PROXY_Ikat,unknown_unannotated,train
train/Ikat/image26_jpeg.rf.6ff23f0528cd12ff81d444188dae5cf0.jpg,CATEGORY_PROXY_Ikat,unknown_unannotated,train
train/Ikat/image26_jpeg.rf.bd39f9f0c96dcd5608b6b2cbb38570ff.jpg,CATEGORY_PROXY_Ikat,unknown_unannotated,train
train/Ikat/image26_jpeg.rf.e21beeb5ca4453dcba93d71658ada112.jpg,CATEGORY_PROXY_Ikat,unknown_unannotated,train
train/Ikat/image28_jpeg.rf.b1f7a67cadfdb39243001a406364c84a.jpg,CATEGORY_PROXY_Ikat,unknown_unannotated,train
train/Ikat/image28_jpeg.rf.cbb1c7f676e65a7e20f2181841e8a688.jpg,CATEGORY_PROXY_Ikat,unknown_unannotated,train
train/Ikat/image28_jpeg.rf.d3f5ac19b0183f7980595cd37e1baffe.jpg,CATEGORY_PROXY_Ikat,unknown_unannotated,train
train/Ikat/image29_jpeg.rf.13d912b97beddf7f665c57a881cbcf42.jpg,CATEGORY_PROXY_Ikat,unknown_unannotated,train
train/Ikat/image29_jpeg.rf.6350f3385b27f31d7c0f177f2453ea22.jpg,CATEGORY_PROXY_Ikat,unknown_unannotated,train
train/Ikat/image29_jpeg.rf.b51b5d68a5d6601946801f1e136b6814.jpg,CATEGORY_PROXY_Ikat,unknown_unannotated,train
train/Ikat/image4_jpeg.rf.4995d394bc66eceb28de37ed0f891947.jpg,CATEGORY_PROXY_Ikat,unknown_unannotated,train
train/Ikat/image4_jpeg.rf.59a45c75f377ec9d3123e90a7198fb97.jpg,CATEGORY_PROXY_Ikat,unknown_unannotated,train
train/Ikat/image4_jpeg.rf.af57289dcd046a43c6b5adfd5c7a54ab.jpg,CATEGORY_PROXY_Ikat,unknown_unannotated,train
train/Ikat/image5_jpeg.rf.1ba402ce5feaea8a4d9f928c1cf7159a.jpg,CATEGORY_PROXY_Ikat,unknown_unannotated,train
train/Ikat/image5_jpeg.rf.800709814a32cbeeb2008ba302c3ce37.jpg,CATEGORY_PROXY_Ikat,unknown_unannotated,train
train/Ikat/image5_jpeg.rf.85089ced59b7624cf639bdb3659e8cac.jpg,CATEGORY_PROXY_Ikat,unknown_unannotated,train
train/Ikat/image_jpeg.rf.0317e2cea8fc10a73320f888f6d5ad37.jpg,CATEGORY_PROXY_Ikat,unknown_unannotated,train
train/Ikat/image_jpeg.rf.847aebb175cdae51449de01b820eef5b.jpg,CATEGORY_PROXY_Ikat,unknown_unannotated,train
train/Ikat/image_jpeg.rf.fd06abde9c260fd7240e714370efac8c.jpg,CATEGORY_PROXY_Ikat,unknown_unannotated,train
train/Ikat/images10_jpg.rf.6fbb74e1bb548d695e4a32392b66a574.jpg,CATEGORY_PROXY_Ikat,unknown_unannotated,train
train/Ikat/images10_jpg.rf.c2a067dcd58527e8375094f7379dc378.jpg,CATEGORY_PROXY_Ikat,unknown_unannotated,train
train/Ikat/images10_jpg.rf.ed384fcccb1655a59915d50fad682b73.jpg,CATEGORY_PROXY_Ikat,unknown_unannotated,train
train/Ikat/images11_jpg.rf.1f9b5d85ea56eb875a6b06e01fb4e840.jpg,CATEGORY_PROXY_Ikat,unknown_unannotated,train
train/Ikat/images11_jpg.rf.4eac8bd45a16e1198334b28445e8f937.jpg,CATEGORY_PROXY_Ikat,unknown_unannotated,train
train/Ikat/images11_jpg.rf.db1cdbede227869c43c25663f0220cd3.jpg,CATEGORY_PROXY_Ikat,unknown_unannotated,train
train/Ikat/images13_jpg.rf.088d47e718f23aca85b4e59170be7eed.jpg,CATEGORY_PROXY_Ikat,unknown_unannotated,train
train/Ikat/images13_jpg.rf.723fcd6ebffb0a3b9967bf28ba694063.jpg,CATEGORY_PROXY_Ikat,unknown_unannotated,train
train/Ikat/images13_jpg.rf.b7548d89e1719e9fa7a0c4128277e2f3.jpg,CATEGORY_PROXY_Ikat,unknown_unannotated,train
train/Ikat/images14_jpg.rf.18b6522cfb0ec8d954718a334e4012ff.jpg,CATEGORY_PROXY_Ikat,unknown_unannotated,train
train/Ikat/images14_jpg.rf.3e14ca35a801f93ed8a55e794522f80c.jpg,CATEGORY_PROXY_Ikat,unknown_unannotated,train
train/Ikat/images14_jpg.rf.6008dd261d8450cbf17bc68a220ff60e.jpg,CATEGORY_PROXY_Ikat,unknown_unannotated,train
train/Ikat/images18_jpg.rf.7d06286b6293a2eb41451effed90187b.jpg,CATEGORY_PROXY_Ikat,unknown_unannotated,train
train/Ikat/images18_jpg.rf.b9b8a0485b864ee5d8b878c6e534af4d.jpg,CATEGORY_PROXY_Ikat,unknown_unannotated,train
train/Ikat/images18_jpg.rf.ea82e148e4d6e66b44aacc41936f4c61.jpg,CATEGORY_PROXY_Ikat,unknown_unannotated,train
train/Ikat/images19_jpg.rf.2ad80b1a1de93328d8e6d77ae245f61f.jpg,CATEGORY_PROXY_Ikat,unknown_unannotated,train
train/Ikat/images19_jpg.rf.aa94e161e38e23f265a51dca87837132.jpg,CATEGORY_PROXY_Ikat,unknown_unannotated,train
train/Ikat/images19_jpg.rf.fe8af21dfdd287053712180ac66c80c3.jpg,CATEGORY_PROXY_Ikat,unknown_unannotated,train
train/Ikat/images20_jpg.rf.8ce35957d77b0d52f9417b6bebf5460e.jpg,CATEGORY_PROXY_Ikat,unknown_unannotated,train
train/Ikat/images20_jpg.rf.affe7e8b1fc9caf04a7e70cba5d202bd.jpg,CATEGORY_PROXY_Ikat,unknown_unannotated,train
train/Ikat/images20_jpg.rf.d796f837b8bc732855beb91139676f3a.jpg,CATEGORY_PROXY_Ikat,unknown_unannotated,train
train/Ikat/images23_jpg.rf.278d49bca3f5964edfbf799eb590752d.jpg,CATEGORY_PROXY_Ikat,unknown_unannotated,train
train/Ikat/images23_jpg.rf.5890bd5790b07569569be2365aa7d9ab.jpg,CATEGORY_PROXY_Ikat,unknown_unannotated,train
train/Ikat/images23_jpg.rf.a60a37d45a60a075a99105dc5495ea70.jpg,CATEGORY_PROXY_Ikat,unknown_unannotated,train
train/Ikat/images24_jpg.rf.2120e8ea76be09665bbf5d571c8c9766.jpg,CATEGORY_PROXY_Ikat,unknown_unannotated,train
train/Ikat/images24_jpg.rf.a1523e758f065537bb947d65244e1e4d.jpg,CATEGORY_PROXY_Ikat,unknown_unannotated,train
train/Ikat/images24_jpg.rf.b921c4b97800f700cf53564297ef9a32.jpg,CATEGORY_PROXY_Ikat,unknown_unannotated,train
train/Ikat/images28_jpg.rf.20affec16d89e38ecfbf4d74dc2ffbde.jpg,CATEGORY_PROXY_Ikat,unknown_unannotated,train
train/Ikat/images28_jpg.rf.9790497267822a0b02660e79aa8988de.jpg,CATEGORY_PROXY_Ikat,unknown_unannotated,train
train/Ikat/images28_jpg.rf.dd46d56bd59d55c742a58bcf29fcf2a8.jpg,CATEGORY_PROXY_Ikat,unknown_unannotated,train
train/Ikat/images29_jpg.rf.3ac4dc05d043967868452a4a477273d2.jpg,CATEGORY_PROXY_Ikat,unknown_unannotated,train
train/Ikat/images29_jpg.rf.6f7ade91d22b078b97faa00af597a4c0.jpg,CATEGORY_PROXY_Ikat,unknown_unannotated,train
train/Ikat/images29_jpg.rf.a185c7591152a70de334deaea48d4b14.jpg,CATEGORY_PROXY_Ikat,unknown_unannotated,train
train/Ikat/images2_jpg.rf.89b8996a4628e7572d526a719af44bbd.jpg,CATEGORY_PROXY_Ikat,unknown_unannotated,train
train/Ikat/images2_jpg.rf.e4d56b06d1cf988a7ab857d511f73daf.jpg,CATEGORY_PROXY_Ikat,unknown_unannotated,train
train/Ikat/images2_jpg.rf.fd60270f45078c435e80da7687b248af.jpg,CATEGORY_PROXY_Ikat,unknown_unannotated,train
train/Ikat/images32_jpg.rf.483ec412e4b5d32934cc9dcf5118c1e8.jpg,CATEGORY_PROXY_Ikat,unknown_unannotated,train
train/Ikat/images32_jpg.rf.be76374358d8a6feda50af235d11ca08.jpg,CATEGORY_PROXY_Ikat,unknown_unannotated,train
train/Ikat/images32_jpg.rf.c438f0a372f93ab2f37277d8037b6ff3.jpg,CATEGORY_PROXY_Ikat,unknown_unannotated,train
train/Ikat/images3_jpg.rf.78a7bab6c3120dc5ee52ae64d2ae8db1.jpg,CATEGORY_PROXY_Ikat,unknown_unannotated,train
train/Ikat/images3_jpg.rf.9b47dc88c393866a6f2851dd59a827d5.jpg,CATEGORY_PROXY_Ikat,unknown_unannotated,train
train/Ikat/images3_jpg.rf.b311ed3c60884a0982637af9ee6540d7.jpg,CATEGORY_PROXY_Ikat,unknown_unannotated,train
train/Ikat/images4_jpg.rf.10781dfa6ea6e33b3763e30aab32d4ca.jpg,CATEGORY_PROXY_Ikat,unknown_unannotated,train
train/Ikat/images4_jpg.rf.8e8207de362d8853a415a34315c04ec1.jpg,CATEGORY_PROXY_Ikat,unknown_unannotated,train
train/Ikat/images4_jpg.rf.a946d664d0acc0eeba73bbb244189004.jpg,CATEGORY_PROXY_Ikat,unknown_unannotated,train
train/Ikat/images5_jpg.rf.0c7fc5d5fb24ada40b9d93705277d207.jpg,CATEGORY_PROXY_Ikat,unknown_unannotated,train
train/Ikat/images5_jpg.rf.578ed141df128a541003f0de0f1b7a01.jpg,CATEGORY_PROXY_Ikat,unknown_unannotated,train
train/Ikat/images5_jpg.rf.ffecf5a0276ca6efad9c0dd1f362f253.jpg,CATEGORY_PROXY_Ikat,unknown_unannotated,train
train/Ikat/images6_jpg.rf.7acfc7ff646e87e7a08023c33fde6d47.jpg,CATEGORY_PROXY_Ikat,unknown_unannotated,train
train/Ikat/images6_jpg.rf.9616163010a3b35377028bb40bdbb6de.jpg,CATEGORY_PROXY_Ikat,unknown_unannotated,train
train/Ikat/images6_jpg.rf.dfdb26954379a6505ccaa8cda39f56ff.jpg,CATEGORY_PROXY_Ikat,unknown_unannotated,train
train/Ikat/images8_jpg.rf.0d7c2db2efe00df30e7928ef4f560a64.jpg,CATEGORY_PROXY_Ikat,unknown_unannotated,train
train/Ikat/images8_jpg.rf.ac17bc715b70f32297a2e778162cc767.jpg,CATEGORY_PROXY_Ikat,unknown_unannotated,train
train/Ikat/images8_jpg.rf.c29009a6a92347f68bd2918e430ddcb0.jpg,CATEGORY_PROXY_Ikat,unknown_unannotated,train
train/Ikat/images_jpg.rf.6984147bd97ae08da2c3e176a93853bf.jpg,CATEGORY_PROXY_Ikat,unknown_unannotated,train
train/Ikat/images_jpg.rf.87e43ed4a1572b5c1799c5e087101794.jpg,CATEGORY_PROXY_Ikat,unknown_unannotated,train
train/Ikat/images_jpg.rf.ad94a903d661bad336205ff6e2b582cd.jpg,CATEGORY_PROXY_Ikat,unknown_unannotated,train
train/Ikat/img-20190422-wa0023_jpg.rf.25d88af624ecbc3c7d2add1cec3e187a.jpg,CATEGORY_PROXY_Ikat,unknown_unannotated,train
train/Ikat/img-20190422-wa0023_jpg.rf.4b0ec026a071d0685a09ed98c388bbe1.jpg,CATEGORY_PROXY_Ikat,unknown_unannotated,train
train/Ikat/img-20190422-wa0023_jpg.rf.c68b91dd5289980398aec56ef9ef79e4.jpg,CATEGORY_PROXY_Ikat,unknown_unannotated,train
train/Ikat/img_5849_3_1280x_jpg.rf.1499d550b853f18bf598fbadd30e5c4c.jpg,CATEGORY_PROXY_Ikat,unknown_unannotated,train
train/Ikat/img_5849_3_1280x_jpg.rf.4ee1a2ed53f593c7240e4b6d81c23b0a.jpg,CATEGORY_PROXY_Ikat,unknown_unannotated,train
train/Ikat/img_5849_3_1280x_jpg.rf.b11c49608a19087d04d7fb682f2ff0fb.jpg,CATEGORY_PROXY_Ikat,unknown_unannotated,train
train/Ikat/IMG_8301_43e00f26-a678-4be3-8834-d74f2a3cbef9_jpg.rf.04cfee23e631e644b493139d8d41fee2.jpg,CATEGORY_PROXY_Ikat,unknown_unannotated,train
train/Ikat/IMG_8301_43e00f26-a678-4be3-8834-d74f2a3cbef9_jpg.rf.7df51e5aac32311c24a36ec41dcba636.jpg,CATEGORY_PROXY_Ikat,unknown_unannotated,train
train/Ikat/IMG_8301_43e00f26-a678-4be3-8834-d74f2a3cbef9_jpg.rf.8be798c973173196b18908c957544280.jpg,CATEGORY_PROXY_Ikat,unknown_unannotated,train
train/Ikat/MG_5075_a4aacb6c-5896-4ca2-a23a-e86ccce1206e_jpg.rf.0380fc3f19d2ed54f96e2447c08858d6.jpg,CATEGORY_PROXY_Ikat,unknown_unannotated,train
train/Ikat/MG_5075_a4aacb6c-5896-4ca2-a23a-e86ccce1206e_jpg.rf.82d4a34fe3df27f860d19e19d2c04760.jpg,CATEGORY_PROXY_Ikat,unknown_unannotated,train
train/Ikat/MG_5075_a4aacb6c-5896-4ca2-a23a-e86ccce1206e_jpg.rf.c5b9805cb211bca245b0532b86f333fc.jpg,CATEGORY_PROXY_Ikat,unknown_unannotated,train
train/Ikat/pink-pochampally-ikkat-fabric-2-500x500_jpg.rf.0cda032bffdef5936122533dc01580d1.jpg,CATEGORY_PROXY_Ikat,unknown_unannotated,train
train/Ikat/pink-pochampally-ikkat-fabric-2-500x500_jpg.rf.2afcc071bbbd584f3e75d21f243c776d.jpg,CATEGORY_PROXY_Ikat,unknown_unannotated,train
train/Ikat/pink-pochampally-ikkat-fabric-2-500x500_jpg.rf.9bebaf628b42df606527dc39f5230b56.jpg,CATEGORY_PROXY_Ikat,unknown_unannotated,train
train/Ikat/pochampally-cotton-clothes-meterial_jpg.rf.013d1a7abcc3349cbcc24067bc5ddfb2.jpg,CATEGORY_PROXY_Ikat,unknown_unannotated,train
train/Ikat/pochampally-cotton-clothes-meterial_jpg.rf.57f35d33d6f20fefb261ce85eeff596b.jpg,CATEGORY_PROXY_Ikat,unknown_unannotated,train
train/Ikat/pochampally-cotton-clothes-meterial_jpg.rf.72dc611410d47332db936db5c78dc41d.jpg,CATEGORY_PROXY_Ikat,unknown_unannotated,train
train/Ikat/pochampally-ikat-cotton-fabric-500x500_jpg.rf.27b2644f57ff0b41f0b2c3355ef41d95.jpg,CATEGORY_PROXY_Ikat,unknown_unannotated,train
train/Ikat/pochampally-ikat-cotton-fabric-500x500_jpg.rf.47012ce0a1edd70766be2fdbea0d87fc.jpg,CATEGORY_PROXY_Ikat,unknown_unannotated,train
train/Ikat/pochampally-ikat-cotton-fabric-500x500_jpg.rf.e1db91f433a077438bef4b05751e9bc8.jpg,CATEGORY_PROXY_Ikat,unknown_unannotated,train
train/Ikat/pochampally-ikat-cotton-red-color-fabric-pochampallysarees-com_jpg.rf.4edad0ac325b44b14a1361f52df70454.jpg,CATEGORY_PROXY_Ikat,unknown_unannotated,train
train/Ikat/pochampally-ikat-cotton-red-color-fabric-pochampallysarees-com_jpg.rf.8fb22cf4628389baea655610b92ecf33.jpg,CATEGORY_PROXY_Ikat,unknown_unannotated,train
train/Ikat/pochampally-ikat-cotton-red-color-fabric-pochampallysarees-com_jpg.rf.c4ce1a0829a1c655312bf054dadb8f90.jpg,CATEGORY_PROXY_Ikat,unknown_unannotated,train
train/Ikat/pochampally-ikat-silk-fabric_jpg.rf.2401e7a77bfa8d37f79f208ac5e942d0.jpg,CATEGORY_PROXY_Ikat,unknown_unannotated,train
train/Ikat/pochampally-ikat-silk-fabric_jpg.rf.8add82120de3fe4017df233673bd68d0.jpg,CATEGORY_PROXY_Ikat,unknown_unannotated,train
train/Ikat/pochampally-ikat-silk-fabric_jpg.rf.b3fa3bfd4adb5c25dc46c74a997e9079.jpg,CATEGORY_PROXY_Ikat,unknown_unannotated,train
train/Ikat/pochampally-ikkat-sico-red-color-fabric-pochampallysarees-com_jpg.rf.01445aab1f532d46732bbe2171629c56.jpg,CATEGORY_PROXY_Ikat,unknown_unannotated,train
train/Ikat/pochampally-ikkat-sico-red-color-fabric-pochampallysarees-com_jpg.rf.a6b6860f3c567579c346d161562a5fc3.jpg,CATEGORY_PROXY_Ikat,unknown_unannotated,train
train/Ikat/pochampally-ikkat-sico-red-color-fabric-pochampallysarees-com_jpg.rf.abbcf59378a1b40f09474ab1c77103c9.jpg,CATEGORY_PROXY_Ikat,unknown_unannotated,train
train/Ikat/pochampally-pure-silk-cotton-blouse-piece-rkg-shopping-496696_jpg.rf.079496c1172d2b8eca623f91aec35998.jpg,CATEGORY_PROXY_Ikat,unknown_unannotated,train
train/Ikat/pochampally-pure-silk-cotton-blouse-piece-rkg-shopping-496696_jpg.rf.1c244aaa4db13a0bb28449f9d7972526.jpg,CATEGORY_PROXY_Ikat,unknown_unannotated,train
train/Ikat/pochampally-pure-silk-cotton-blouse-piece-rkg-shopping-496696_jpg.rf.c82217e491d2c573aa179554fa881735.jpg,CATEGORY_PROXY_Ikat,unknown_unannotated,train
train/Ikat/Pochampolli20Cloth-JPG_jpg.rf.00f221322618f2691e9c18c6125dc664.jpg,CATEGORY_PROXY_Ikat,unknown_unannotated,train
train/Ikat/Pochampolli20Cloth-JPG_jpg.rf.65f9bfb4c6efcd7581769170086968a3.jpg,CATEGORY_PROXY_Ikat,unknown_unannotated,train
train/Ikat/Pochampolli20Cloth-JPG_jpg.rf.fa4ef391e1e5e234ba1cc5856190b29c.jpg,CATEGORY_PROXY_Ikat,unknown_unannotated,train
train/Ikat/PSH-PPS00-18067_jpg.rf.71d48814f6584a7a2fd4bb1bc437e23e.jpg,CATEGORY_PROXY_Ikat,unknown_unannotated,train
train/Ikat/PSH-PPS00-18067_jpg.rf.85811b540b2d8cfa39475599293628a1.jpg,CATEGORY_PROXY_Ikat,unknown_unannotated,train
train/Ikat/PSH-PPS00-18067_jpg.rf.8a300edcfcba70b44bafa0b7430a0d9f.jpg,CATEGORY_PROXY_Ikat,unknown_unannotated,train
train/Ikat/R_jpg.rf.66eb70df7358834286228fe323568598.jpg,CATEGORY_PROXY_Ikat,unknown_unannotated,train
train/Ikat/R_jpg.rf.ae6a423a56877a58c2f639da377ceb5e.jpg,CATEGORY_PROXY_Ikat,unknown_unannotated,train
train/Ikat/R_jpg.rf.ce7935913f54d07f3fe073fa0f22ff73.jpg,CATEGORY_PROXY_Ikat,unknown_unannotated,train
train/Ikat/woven-pochampally-ikat-mercerised-cotton-blouse-fabric-model-469483203_grey-0-202309281431_jpg.rf.09fcf43cf23011c8e4e66ba0d637b0df.jpg,CATEGORY_PROXY_Ikat,unknown_unannotated,train
train/Ikat/woven-pochampally-ikat-mercerised-cotton-blouse-fabric-model-469483203_grey-0-202309281431_jpg.rf.3af512a8373bea7c747903b4d1ca290d.jpg,CATEGORY_PROXY_Ikat,unknown_unannotated,train
train/Ikat/woven-pochampally-ikat-mercerised-cotton-blouse-fabric-model-469483203_grey-0-202309281431_jpg.rf.c34c73a2c15c2b503e7c63af68dbda68.jpg,CATEGORY_PROXY_Ikat,unknown_unannotated,train
train/Ikat/X2A2714_7615b17a-f755-4277-a68c-0260829d2cae_jpg.rf.0ba0aa9341142736473c7b1acd578229.jpg,CATEGORY_PROXY_Ikat,unknown_unannotated,train
train/Ikat/X2A2714_7615b17a-f755-4277-a68c-0260829d2cae_jpg.rf.7554fdac926352a417bcf56f693f26d8.jpg,CATEGORY_PROXY_Ikat,unknown_unannotated,train
train/Ikat/X2A2714_7615b17a-f755-4277-a68c-0260829d2cae_jpg.rf.c950fca70a4f5c80234af3d41a5ba3de.jpg,CATEGORY_PROXY_Ikat,unknown_unannotated,train
train/Ikat/X2A2804_18df90d0-fd39-4142-b987-9cab48825db6_jpg.rf.93c5245b21e99f03c3db12c4a41c9bef.jpg,CATEGORY_PROXY_Ikat,unknown_unannotated,train
train/Ikat/X2A2804_18df90d0-fd39-4142-b987-9cab48825db6_jpg.rf.b96bc5f5ada7bea18de5724ee9319270.jpg,CATEGORY_PROXY_Ikat,unknown_unannotated,train
train/Ikat/X2A2804_18df90d0-fd39-4142-b987-9cab48825db6_jpg.rf.e5f7b259e13cd2eefc00c25beac89d8d.jpg,CATEGORY_PROXY_Ikat,unknown_unannotated,train
train/Ikat/y-single-ikat-cotton-handloom-fabric-with-strips-design-f0064-12917500117071_jpg.rf.4a0dd062dec430ccfbe2a23ca2d0b2cd.jpg,CATEGORY_PROXY_Ikat,unknown_unannotated,train
train/Ikat/y-single-ikat-cotton-handloom-fabric-with-strips-design-f0064-12917500117071_jpg.rf.92ac29839c00c8cbcb7485ffe90328be.jpg,CATEGORY_PROXY_Ikat,unknown_unannotated,train
train/Ikat/y-single-ikat-cotton-handloom-fabric-with-strips-design-f0064-12917500117071_jpg.rf.c6702511b07543a6e3d0960577fe8c2d.jpg,CATEGORY_PROXY_Ikat,unknown_unannotated,train
train/Pichwai/0fd2df9315d8aba5cf9471c838a639aa_jpg.rf.90e07f4ff6e2f2970784a2a997dabdc6.jpg,CATEGORY_PROXY_Pichwai,unknown_unannotated,train
train/Pichwai/0fd2df9315d8aba5cf9471c838a639aa_jpg.rf.e6ff0ed6e82000e63e9c895855b5a894.jpg,CATEGORY_PROXY_Pichwai,unknown_unannotated,train
train/Pichwai/0fd2df9315d8aba5cf9471c838a639aa_jpg.rf.f9f3d1c7473d490afb7a3e57cdda48b1.jpg,CATEGORY_PROXY_Pichwai,unknown_unannotated,train
train/Pichwai/114_webp.rf.4ab4a62857ae06a630a2dcb9fa2a8cd5.jpg,CATEGORY_PROXY_Pichwai,unknown_unannotated,train
train/Pichwai/114_webp.rf.5a698eb07506fca918e5e5a6fcbbb3e2.jpg,CATEGORY_PROXY_Pichwai,unknown_unannotated,train
train/Pichwai/114_webp.rf.eb56796e1153eb859018bf9d559f2d07.jpg,CATEGORY_PROXY_Pichwai,unknown_unannotated,train
train/Pichwai/20230304_152947_clipped_rev_1_1024x_jpg.rf.3225331836fc17e6ec5480a02525ec92.jpg,CATEGORY_PROXY_Pichwai,unknown_unannotated,train
train/Pichwai/20230304_152947_clipped_rev_1_1024x_jpg.rf.3a42b5e7e0c90cbda2b7cb5f8a7d10e5.jpg,CATEGORY_PROXY_Pichwai,unknown_unannotated,train
train/Pichwai/20230304_152947_clipped_rev_1_1024x_jpg.rf.5ef60fa2500ad089207a238b4f00bd3b.jpg,CATEGORY_PROXY_Pichwai,unknown_unannotated,train
train/Pichwai/20240507_114001_5bf43237-dd0b-475c-aac1-00592d812869_jpg.rf.46d677839a9cc0561c7017165ff04f25.jpg,CATEGORY_PROXY_Pichwai,unknown_unannotated,train
train/Pichwai/20240507_114001_5bf43237-dd0b-475c-aac1-00592d812869_jpg.rf.80b76246c21e84dce3ea6501a2c8fd9c.jpg,CATEGORY_PROXY_Pichwai,unknown_unannotated,train
train/Pichwai/20240507_114001_5bf43237-dd0b-475c-aac1-00592d812869_jpg.rf.d244246e2aab62127e61e0bb15b7f89f.jpg,CATEGORY_PROXY_Pichwai,unknown_unannotated,train
train/Pichwai/206beb9f71a2627f3001189b105e68ec_jpg.rf.60e7435db8cd7da69594df9b465c6797.jpg,CATEGORY_PROXY_Pichwai,unknown_unannotated,train
train/Pichwai/206beb9f71a2627f3001189b105e68ec_jpg.rf.9c20f8366e902ee02c2604a2b086da3b.jpg,CATEGORY_PROXY_Pichwai,unknown_unannotated,train
train/Pichwai/206beb9f71a2627f3001189b105e68ec_jpg.rf.d80edf8763020e294e2f6b6bcb504ecb.jpg,CATEGORY_PROXY_Pichwai,unknown_unannotated,train
train/Pichwai/22003334-B_jpg.rf.30ea200646091ad878430948af282b40.jpg,CATEGORY_PROXY_Pichwai,unknown_unannotated,train
train/Pichwai/22003334-B_jpg.rf.39145437cc813357b36c0c486bfd0569.jpg,CATEGORY_PROXY_Pichwai,unknown_unannotated,train
train/Pichwai/22003334-B_jpg.rf.fcb9cf1d642225bde449fc39dc4f254f.jpg,CATEGORY_PROXY_Pichwai,unknown_unannotated,train
train/Pichwai/27042022040344_png.rf.02f71485299bc68dde3ce4d90c2df28e.jpg,CATEGORY_PROXY_Pichwai,unknown_unannotated,train
train/Pichwai/27042022040344_png.rf.54acbcb696a22889d57a6be6660380b0.jpg,CATEGORY_PROXY_Pichwai,unknown_unannotated,train
train/Pichwai/27042022040344_png.rf.633ad0f4850ce529b5d1984a9370a2bb.jpg,CATEGORY_PROXY_Pichwai,unknown_unannotated,train
train/Pichwai/393068_20CR_jpg.rf.4d528d8c7726eb5d87ea6fd58b7fc0c6.jpg,CATEGORY_PROXY_Pichwai,unknown_unannotated,train
train/Pichwai/393068_20CR_jpg.rf.4d84139ff0c7f7fac6ff3b7265484216.jpg,CATEGORY_PROXY_Pichwai,unknown_unannotated,train
train/Pichwai/393068_20CR_jpg.rf.85d9aa5d07a6106ae8ce1e7f8149cd41.jpg,CATEGORY_PROXY_Pichwai,unknown_unannotated,train
train/Pichwai/3a05b92d19222f1248f06d3901bf7d51_jpg.rf.82bfeaa98433896f3418108eb8d1a520.jpg,CATEGORY_PROXY_Pichwai,unknown_unannotated,train
train/Pichwai/3a05b92d19222f1248f06d3901bf7d51_jpg.rf.a285e2c2f35f2a619917169f45158e50.jpg,CATEGORY_PROXY_Pichwai,unknown_unannotated,train
train/Pichwai/3a05b92d19222f1248f06d3901bf7d51_jpg.rf.e42d50e4a24c6efe08ebb482b12fc4b6.jpg,CATEGORY_PROXY_Pichwai,unknown_unannotated,train
train/Pichwai/3ecbd3093e0a3c11364d2ae1efd37dbb_jpg.rf.0bd8e0a39bb6338ce7611b8a587cce69.jpg,CATEGORY_PROXY_Pichwai,unknown_unannotated,train
train/Pichwai/3ecbd3093e0a3c11364d2ae1efd37dbb_jpg.rf.383c3d778f16ecb417d7071851408fe8.jpg,CATEGORY_PROXY_Pichwai,unknown_unannotated,train
train/Pichwai/3ecbd3093e0a3c11364d2ae1efd37dbb_jpg.rf.9d84f2a709a00bcf4c8a85e10d46a59a.jpg,CATEGORY_PROXY_Pichwai,unknown_unannotated,train
train/Pichwai/42641-a_016bdd3c-affe-4148-9f72-7cd44b16bfac_jpg.rf.3a7aef943b98fd59e7c4566a2c1a0687.jpg,CATEGORY_PROXY_Pichwai,unknown_unannotated,train
train/Pichwai/42641-a_016bdd3c-affe-4148-9f72-7cd44b16bfac_jpg.rf.6ee59dad89bcd7906db35ecb46a3319b.jpg,CATEGORY_PROXY_Pichwai,unknown_unannotated,train
train/Pichwai/42641-a_016bdd3c-affe-4148-9f72-7cd44b16bfac_jpg.rf.738148683e11d47e96a3f9928c85c4a4.jpg,CATEGORY_PROXY_Pichwai,unknown_unannotated,train
train/Pichwai/471603_1_946fad28-7a90-4e13-af35-9ebf1ac8475a_jpg.rf.4b5eed937a4b527902a0dbf1ae0d1d5e.jpg,CATEGORY_PROXY_Pichwai,unknown_unannotated,train
train/Pichwai/471603_1_946fad28-7a90-4e13-af35-9ebf1ac8475a_jpg.rf.5e695c63a06660a619e1b68cff2f2101.jpg,CATEGORY_PROXY_Pichwai,unknown_unannotated,train
train/Pichwai/471603_1_946fad28-7a90-4e13-af35-9ebf1ac8475a_jpg.rf.77cd79d2a673d680c07c8de47d6b61c2.jpg,CATEGORY_PROXY_Pichwai,unknown_unannotated,train
train/Pichwai/471604_1_jpg.rf.071de08cda8d76c323962e4c76377af4.jpg,CATEGORY_PROXY_Pichwai,unknown_unannotated,train
train/Pichwai/471604_1_jpg.rf.718e594ca610b0ab6b8f0871bb1d4696.jpg,CATEGORY_PROXY_Pichwai,unknown_unannotated,train
train/Pichwai/471604_1_jpg.rf.b4923acb95ea1b069726863390974ce0.jpg,CATEGORY_PROXY_Pichwai,unknown_unannotated,train
train/Pichwai/48062-DSC_9739-JPG_jpg.rf.0b2b4e16132f593a9da5301c69c6adea.jpg,CATEGORY_PROXY_Pichwai,unknown_unannotated,train
train/Pichwai/48062-DSC_9739-JPG_jpg.rf.d2ee51649d92caccfcfbed62b9de8dde.jpg,CATEGORY_PROXY_Pichwai,unknown_unannotated,train
train/Pichwai/48062-DSC_9739-JPG_jpg.rf.eb0d888424cddc14cd913201117919e1.jpg,CATEGORY_PROXY_Pichwai,unknown_unannotated,train
train/Pichwai/71VxsnD2t8L-_AC_UF8941000_QL80__jpg.rf.405dcf82b83a1d40e7bab3aa7b53d02b.jpg,CATEGORY_PROXY_Pichwai,unknown_unannotated,train
train/Pichwai/71VxsnD2t8L-_AC_UF8941000_QL80__jpg.rf.7288aa77226d97e0156e8611fafacf1d.jpg,CATEGORY_PROXY_Pichwai,unknown_unannotated,train
train/Pichwai/71VxsnD2t8L-_AC_UF8941000_QL80__jpg.rf.8197a282809fb792f96f749be8d8e107.jpg,CATEGORY_PROXY_Pichwai,unknown_unannotated,train
train/Pichwai/833_6772_1563199443_jpg.rf.6f0c603e69dffd7599f6ed61c5c6caee.jpg,CATEGORY_PROXY_Pichwai,unknown_unannotated,train
train/Pichwai/833_6772_1563199443_jpg.rf.bb865e7875b4dc959c28256093ecac5e.jpg,CATEGORY_PROXY_Pichwai,unknown_unannotated,train
train/Pichwai/833_6772_1563199443_jpg.rf.ee346141d395a0d65d85286803a1b304.jpg,CATEGORY_PROXY_Pichwai,unknown_unannotated,train
train/Pichwai/8B26166D-3439-416C-BC5D-1B3CBB6395E1_jpg.rf.388d283c53d991ed9473cd7caca3c7fb.jpg,CATEGORY_PROXY_Pichwai,unknown_unannotated,train
train/Pichwai/8B26166D-3439-416C-BC5D-1B3CBB6395E1_jpg.rf.3f3b9b9e26a071665dcfc39f7cd82ecf.jpg,CATEGORY_PROXY_Pichwai,unknown_unannotated,train
train/Pichwai/8B26166D-3439-416C-BC5D-1B3CBB6395E1_jpg.rf.bafbc8b660ae555dc51515f10ca4cca4.jpg,CATEGORY_PROXY_Pichwai,unknown_unannotated,train
train/Pichwai/9027M5_1_1024x_jpg.rf.71cbf06537a0b400c6bccba2ae8e4095.jpg,CATEGORY_PROXY_Pichwai,unknown_unannotated,train
train/Pichwai/9027M5_1_1024x_jpg.rf.be4b2c4d685161ff1cf585059290904d.jpg,CATEGORY_PROXY_Pichwai,unknown_unannotated,train
train/Pichwai/9027M5_1_1024x_jpg.rf.ffa0a3e7a79b384b363f8967ceb3cdf5.jpg,CATEGORY_PROXY_Pichwai,unknown_unannotated,train
train/Pichwai/91iBR3xJlKL_jpg.rf.075962235bd386387118522dbefbdbe8.jpg,CATEGORY_PROXY_Pichwai,unknown_unannotated,train
train/Pichwai/91iBR3xJlKL_jpg.rf.49ee7c942dee0eeaf4edeeb4aa97a868.jpg,CATEGORY_PROXY_Pichwai,unknown_unannotated,train
train/Pichwai/91iBR3xJlKL_jpg.rf.6d5719a038270a4ce1b35358c42ed344.jpg,CATEGORY_PROXY_Pichwai,unknown_unannotated,train
train/Pichwai/94235-3-202_jpg.rf.0cdc0298a05ebf613b8fbe07261a66a9.jpg,CATEGORY_PROXY_Pichwai,unknown_unannotated,train
train/Pichwai/94235-3-202_jpg.rf.55ce9944db5344d4a7f4f61db734587b.jpg,CATEGORY_PROXY_Pichwai,unknown_unannotated,train
train/Pichwai/94235-3-202_jpg.rf.e5823dde43e67b91665eb7614913c7d0.jpg,CATEGORY_PROXY_Pichwai,unknown_unannotated,train
train/Pichwai/9557ER2_4_grande_jpg.rf.144bb768e33944c8c246d6629121e69e.jpg,CATEGORY_PROXY_Pichwai,unknown_unannotated,train
train/Pichwai/9557ER2_4_grande_jpg.rf.5186bac07ac3ca7a5c0a8a1521647400.jpg,CATEGORY_PROXY_Pichwai,unknown_unannotated,train
train/Pichwai/9557ER2_4_grande_jpg.rf.dbc244d86d62d0948fac811e9d8d440c.jpg,CATEGORY_PROXY_Pichwai,unknown_unannotated,train
train/Pichwai/9557ER3_4_jpg.rf.34d0adf5409f26768007931247cc85c2.jpg,CATEGORY_PROXY_Pichwai,unknown_unannotated,train
train/Pichwai/9557ER3_4_jpg.rf.5176795006d6c8d85124e71016615abb.jpg,CATEGORY_PROXY_Pichwai,unknown_unannotated,train
train/Pichwai/9557ER3_4_jpg.rf.af48d87d0b4e34a35b265b9f7375e7a4.jpg,CATEGORY_PROXY_Pichwai,unknown_unannotated,train
train/Pichwai/al_Printed_Pichwai_Tussar_Silk_Fabric_5_3eba6f6a-7517-4de2-a290-f23d2659a35d_jpg.rf.10bfacf5b85e68e4d0ad7f01b457772a.jpg,CATEGORY_PROXY_Pichwai,unknown_unannotated,train
train/Pichwai/al_Printed_Pichwai_Tussar_Silk_Fabric_5_3eba6f6a-7517-4de2-a290-f23d2659a35d_jpg.rf.c68ba61062a193f7f8debbe58be10eab.jpg,CATEGORY_PROXY_Pichwai,unknown_unannotated,train
train/Pichwai/al_Printed_Pichwai_Tussar_Silk_Fabric_5_3eba6f6a-7517-4de2-a290-f23d2659a35d_jpg.rf.ebd2af04d73ad324c5ab3d2942ae96e7.jpg,CATEGORY_PROXY_Pichwai,unknown_unannotated,train
train/Pichwai/DSC07221_Medium_87b37a73-5171-47f6-af65-9602d6206692_jpg.rf.3560847fff69247fc6412bba3fac73c6.jpg,CATEGORY_PROXY_Pichwai,unknown_unannotated,train
train/Pichwai/DSC07221_Medium_87b37a73-5171-47f6-af65-9602d6206692_jpg.rf.6e6f5e8dfef161b9d07cee584c7fb5c7.jpg,CATEGORY_PROXY_Pichwai,unknown_unannotated,train
train/Pichwai/DSC07221_Medium_87b37a73-5171-47f6-af65-9602d6206692_jpg.rf.960e306b87e282bb7ab48a6b522f4a0f.jpg,CATEGORY_PROXY_Pichwai,unknown_unannotated,train
train/Pichwai/E091D122GA0501004000_A-600x667-JPG_jpg.rf.35fdeb8155799b2b46daa35ced3a838e.jpg,CATEGORY_PROXY_Pichwai,unknown_unannotated,train
train/Pichwai/E091D122GA0501004000_A-600x667-JPG_jpg.rf.42223a5856154f753de2b2d2bf5b01c9.jpg,CATEGORY_PROXY_Pichwai,unknown_unannotated,train
train/Pichwai/E091D122GA0501004000_A-600x667-JPG_jpg.rf.5f104774b54e8342bfe790f63259e079.jpg,CATEGORY_PROXY_Pichwai,unknown_unannotated,train
train/Pichwai/eventfabricsupplier_1654251379620_jpg.rf.4e3a3252482f1ad1aa695182ce43d388.jpg,CATEGORY_PROXY_Pichwai,unknown_unannotated,train
train/Pichwai/eventfabricsupplier_1654251379620_jpg.rf.8ddebae027803a9c2fabd6f3fb5d5e8f.jpg,CATEGORY_PROXY_Pichwai,unknown_unannotated,train
train/Pichwai/eventfabricsupplier_1654251379620_jpg.rf.c252391317eb9ebf3d633dd0afabe7ae.jpg,CATEGORY_PROXY_Pichwai,unknown_unannotated,train
train/Pichwai/fab-14050_800x_jpg.rf.804e68a7cceccad74c6f0d61f82eb516.jpg,CATEGORY_PROXY_Pichwai,unknown_unannotated,train
train/Pichwai/fab-14050_800x_jpg.rf.b7a1c91973f41ebc94a1d2f8d6a6798e.jpg,CATEGORY_PROXY_Pichwai,unknown_unannotated,train
train/Pichwai/fab-14050_800x_jpg.rf.f4b2872dabcc9839f99277757440d51d.jpg,CATEGORY_PROXY_Pichwai,unknown_unannotated,train
train/Pichwai/https3A2F2Fmedia-insider-in2Fimage2Fupload2Fc_crop2Cg_custom2Fv17105663332Flilp5egkdi1n7feyzajg_jpg.rf.4b258466a611b92b3095e36a3f5032b2.jpg,CATEGORY_PROXY_Pichwai,unknown_unannotated,train
train/Pichwai/https3A2F2Fmedia-insider-in2Fimage2Fupload2Fc_crop2Cg_custom2Fv17105663332Flilp5egkdi1n7feyzajg_jpg.rf.6337de02714c3729188802b712f6d705.jpg,CATEGORY_PROXY_Pichwai,unknown_unannotated,train
train/Pichwai/https3A2F2Fmedia-insider-in2Fimage2Fupload2Fc_crop2Cg_custom2Fv17105663332Flilp5egkdi1n7feyzajg_jpg.rf.87b8e898954852cf70faa3d9e623f37c.jpg,CATEGORY_PROXY_Pichwai,unknown_unannotated,train
train/Pichwai/il_1140xN-3336549267_bg7z_jpg.rf.b486488fc6adb4562b385335bd2d5193.jpg,CATEGORY_PROXY_Pichwai,unknown_unannotated,train
train/Pichwai/il_1140xN-3336549267_bg7z_jpg.rf.badd9547866855dff141a663a0d0c424.jpg,CATEGORY_PROXY_Pichwai,unknown_unannotated,train
train/Pichwai/il_1140xN-3336549267_bg7z_jpg.rf.c6d5d9b6b93d92a2b36021acb61a7f51.jpg,CATEGORY_PROXY_Pichwai,unknown_unannotated,train
train/Pichwai/image10_jpeg.rf.754ea6386f161496380068c62c256672.jpg,CATEGORY_PROXY_Pichwai,unknown_unannotated,train
train/Pichwai/image10_jpeg.rf.c6548a387e3732fbb4220cdf97cef69c.jpg,CATEGORY_PROXY_Pichwai,unknown_unannotated,train
train/Pichwai/image10_jpeg.rf.f8ce12f7db64b8a03aad9eb671d93953.jpg,CATEGORY_PROXY_Pichwai,unknown_unannotated,train
train/Pichwai/image11_jpeg.rf.022d8a9c1dbe442e195ae977f7fb8410.jpg,CATEGORY_PROXY_Pichwai,unknown_unannotated,train
train/Pichwai/image11_jpeg.rf.3cb65c53f1572ff311bb3d29b1df017f.jpg,CATEGORY_PROXY_Pichwai,unknown_unannotated,train
train/Pichwai/image11_jpeg.rf.44a139fd2e1ceb57e8610d42d6d787e6.jpg,CATEGORY_PROXY_Pichwai,unknown_unannotated,train
train/Pichwai/image13_jpeg.rf.5cf43d1f78d31db89464896a70e3e81b.jpg,CATEGORY_PROXY_Pichwai,unknown_unannotated,train
train/Pichwai/image13_jpeg.rf.a50c70145975063a54188f2fe4b27c75.jpg,CATEGORY_PROXY_Pichwai,unknown_unannotated,train
train/Pichwai/image13_jpeg.rf.c7c346ee6f26655ca0763fffbf6d4397.jpg,CATEGORY_PROXY_Pichwai,unknown_unannotated,train
train/Pichwai/image15_jpeg.rf.3ee5ec4dfa6ea8d9b8511501f53f1160.jpg,CATEGORY_PROXY_Pichwai,unknown_unannotated,train
train/Pichwai/image15_jpeg.rf.affcaef630f28a9cce4818831ffc9b32.jpg,CATEGORY_PROXY_Pichwai,unknown_unannotated,train
train/Pichwai/image15_jpeg.rf.d6bf158038f7b6f70c093600330b4569.jpg,CATEGORY_PROXY_Pichwai,unknown_unannotated,train
train/Pichwai/image17_jpeg.rf.2f8044e1df9b376a7a3119b9beee3dd4.jpg,CATEGORY_PROXY_Pichwai,unknown_unannotated,train
train/Pichwai/image17_jpeg.rf.c2e128b09a0b81337d715a9a7e29a748.jpg,CATEGORY_PROXY_Pichwai,unknown_unannotated,train
train/Pichwai/image17_jpeg.rf.ed49801da2bc8d6b6a1e83b7fd339c7b.jpg,CATEGORY_PROXY_Pichwai,unknown_unannotated,train
train/Pichwai/image19_jpeg.rf.21b3d5929456adc177949335712ff0cd.jpg,CATEGORY_PROXY_Pichwai,unknown_unannotated,train
train/Pichwai/image19_jpeg.rf.b0d39d9e0ad2dfb3bb217c1da1926142.jpg,CATEGORY_PROXY_Pichwai,unknown_unannotated,train
train/Pichwai/image19_jpeg.rf.d0d4ca2c58e3abc7c42ece173264e8e3.jpg,CATEGORY_PROXY_Pichwai,unknown_unannotated,train
train/Pichwai/image22_jpeg.rf.74920b9e88ed58f820302ee48c5df4d4.jpg,CATEGORY_PROXY_Pichwai,unknown_unannotated,train
train/Pichwai/image22_jpeg.rf.75231a3d90dcd118fe05a6b275bd37a1.jpg,CATEGORY_PROXY_Pichwai,unknown_unannotated,train
train/Pichwai/image22_jpeg.rf.b087cb0a105a433f9837f763cde3b4ba.jpg,CATEGORY_PROXY_Pichwai,unknown_unannotated,train
train/Pichwai/image23_jpeg.rf.04401b99460e2cd3d593c7a430ea09f6.jpg,CATEGORY_PROXY_Pichwai,unknown_unannotated,train
train/Pichwai/image23_jpeg.rf.641baff42acbb85dce1027d21baef9d0.jpg,CATEGORY_PROXY_Pichwai,unknown_unannotated,train
train/Pichwai/image23_jpeg.rf.d55b571301055016568c72708f4bb17c.jpg,CATEGORY_PROXY_Pichwai,unknown_unannotated,train
train/Pichwai/image25_jpeg.rf.0bac7fc187eb9945d2ea73272189e364.jpg,CATEGORY_PROXY_Pichwai,unknown_unannotated,train
train/Pichwai/image25_jpeg.rf.4a5d601d89f9cab535034cd244af7307.jpg,CATEGORY_PROXY_Pichwai,unknown_unannotated,train
train/Pichwai/image25_jpeg.rf.652a9c2c0012d3ad2c8db33b4c09fc0f.jpg,CATEGORY_PROXY_Pichwai,unknown_unannotated,train
train/Pichwai/image27_jpeg.rf.2c939df935dc7c14a019d29689113da4.jpg,CATEGORY_PROXY_Pichwai,unknown_unannotated,train
train/Pichwai/image27_jpeg.rf.3fc26eb7b03e6957696cb591a3500fd8.jpg,CATEGORY_PROXY_Pichwai,unknown_unannotated,train
train/Pichwai/image27_jpeg.rf.d658a80c872a2100c7efedf0f92972dc.jpg,CATEGORY_PROXY_Pichwai,unknown_unannotated,train
train/Pichwai/image29_jpeg.rf.09aea972b709752a97308ccef9d6dd81.jpg,CATEGORY_PROXY_Pichwai,unknown_unannotated,train
train/Pichwai/image29_jpeg.rf.3139bafce7aec3a6bc5954ad4eb68082.jpg,CATEGORY_PROXY_Pichwai,unknown_unannotated,train
train/Pichwai/image29_jpeg.rf.3d62ba8531660557542e9f12c7a6f852.jpg,CATEGORY_PROXY_Pichwai,unknown_unannotated,train
train/Pichwai/image33_jpeg.rf.315e5c1ffdb1bdad4c7e3bba067d1792.jpg,CATEGORY_PROXY_Pichwai,unknown_unannotated,train
train/Pichwai/image33_jpeg.rf.4e3ca97c75329c545445b7a971b533eb.jpg,CATEGORY_PROXY_Pichwai,unknown_unannotated,train
train/Pichwai/image33_jpeg.rf.653984cde786f002efecd670afd27906.jpg,CATEGORY_PROXY_Pichwai,unknown_unannotated,train
train/Pichwai/image3_jpeg.rf.1b94cc426c6dbefceb6e2fd283ae67b9.jpg,CATEGORY_PROXY_Pichwai,unknown_unannotated,train
train/Pichwai/image3_jpeg.rf.c3d9f223a56316f92252bd1787ec371d.jpg,CATEGORY_PROXY_Pichwai,unknown_unannotated,train
train/Pichwai/image3_jpeg.rf.e1216efff52aa7d17fd7f33fe7a6d852.jpg,CATEGORY_PROXY_Pichwai,unknown_unannotated,train
train/Pichwai/image5_jpeg.rf.78575d6d0e1a2fc26640ecae44938bf3.jpg,CATEGORY_PROXY_Pichwai,unknown_unannotated,train
train/Pichwai/image5_jpeg.rf.79d2fbfd8f80c0720ef08208ea2674d9.jpg,CATEGORY_PROXY_Pichwai,unknown_unannotated,train
train/Pichwai/image5_jpeg.rf.bab31145e05eb5e0085c307fe7800bd6.jpg,CATEGORY_PROXY_Pichwai,unknown_unannotated,train
train/Pichwai/image8_jpeg.rf.391d4f862c3db08e1bd812751863d85d.jpg,CATEGORY_PROXY_Pichwai,unknown_unannotated,train
train/Pichwai/image8_jpeg.rf.6d961196010146a2211142bbd5f4b8ca.jpg,CATEGORY_PROXY_Pichwai,unknown_unannotated,train
train/Pichwai/image8_jpeg.rf.79711cf6d22b29624d1790f5db612d7e.jpg,CATEGORY_PROXY_Pichwai,unknown_unannotated,train
train/Pichwai/images10_jpg.rf.496a856ce1d78f72692bbf9a93cfb184.jpg,CATEGORY_PROXY_Pichwai,unknown_unannotated,train
train/Pichwai/images10_jpg.rf.819a04c59f6693af01e0075c780b97fa.jpg,CATEGORY_PROXY_Pichwai,unknown_unannotated,train
train/Pichwai/images10_jpg.rf.f6ea51319d1fc403faa1396d53ac8442.jpg,CATEGORY_PROXY_Pichwai,unknown_unannotated,train
train/Pichwai/images11_jpg.rf.11410ba648680150ddbeb2200016a7e9.jpg,CATEGORY_PROXY_Pichwai,unknown_unannotated,train
train/Pichwai/images11_jpg.rf.4f5dd7972e1c2587be6e42b8e019b88c.jpg,CATEGORY_PROXY_Pichwai,unknown_unannotated,train
train/Pichwai/images11_jpg.rf.6d637fa94327f70915bb6ae883db4910.jpg,CATEGORY_PROXY_Pichwai,unknown_unannotated,train
train/Pichwai/images12_jpg.rf.35bbd7477776b0f6c3fe8bc090ce7fd8.jpg,CATEGORY_PROXY_Pichwai,unknown_unannotated,train
train/Pichwai/images12_jpg.rf.b8f01a628524cce0c1b9bacfd11aa2b7.jpg,CATEGORY_PROXY_Pichwai,unknown_unannotated,train
train/Pichwai/images12_jpg.rf.c1b9da29c1c8a87f28be7a425ce2a647.jpg,CATEGORY_PROXY_Pichwai,unknown_unannotated,train
train/Pichwai/images14_jpg.rf.70dc04299767541bdd18f0c59ee77e31.jpg,CATEGORY_PROXY_Pichwai,unknown_unannotated,train
train/Pichwai/images14_jpg.rf.bee4301ca3a70351aa6aba903e7f38d4.jpg,CATEGORY_PROXY_Pichwai,unknown_unannotated,train
train/Pichwai/images14_jpg.rf.d5fd34d6e6dde836004429fc18afedd3.jpg,CATEGORY_PROXY_Pichwai,unknown_unannotated,train
train/Pichwai/images15_jpg.rf.4515413c83b4929f9aece351eba29095.jpg,CATEGORY_PROXY_Pichwai,unknown_unannotated,train
train/Pichwai/images15_jpg.rf.82bda57a1fd17647c89fa24bc42e2ed2.jpg,CATEGORY_PROXY_Pichwai,unknown_unannotated,train
train/Pichwai/images15_jpg.rf.85fe4ce55591117f7272ad3974679031.jpg,CATEGORY_PROXY_Pichwai,unknown_unannotated,train
train/Pichwai/images16_jpg.rf.062b61c2a885cc8690ad5ba542f3c2a3.jpg,CATEGORY_PROXY_Pichwai,unknown_unannotated,train
train/Pichwai/images16_jpg.rf.e30d932a44c6c5794722f6d583af57e3.jpg,CATEGORY_PROXY_Pichwai,unknown_unannotated,train
train/Pichwai/images16_jpg.rf.fbd1e55dd11fefae3bc34ab76a5fa745.jpg,CATEGORY_PROXY_Pichwai,unknown_unannotated,train
train/Pichwai/images17_jpg.rf.0615ecdf1b2342d90683699160439e18.jpg,CATEGORY_PROXY_Pichwai,unknown_unannotated,train
train/Pichwai/images17_jpg.rf.a13ee7fc86bc77b5d42683e3dead109c.jpg,CATEGORY_PROXY_Pichwai,unknown_unannotated,train
train/Pichwai/images17_jpg.rf.b10092c8af99d8029af8e397a45bdbbe.jpg,CATEGORY_PROXY_Pichwai,unknown_unannotated,train
train/Pichwai/images18_jpg.rf.1b21e8eb9fe955758d6225ca91a1c701.jpg,CATEGORY_PROXY_Pichwai,unknown_unannotated,train
train/Pichwai/images18_jpg.rf.69d58ab0d8954240b2473b6e0fd22977.jpg,CATEGORY_PROXY_Pichwai,unknown_unannotated,train
train/Pichwai/images18_jpg.rf.f661fc2312596024717740faa5592249.jpg,CATEGORY_PROXY_Pichwai,unknown_unannotated,train
train/Pichwai/images20_jpg.rf.0bae941146b0fbf319dd41a23ae9e0c9.jpg,CATEGORY_PROXY_Pichwai,unknown_unannotated,train
train/Pichwai/images20_jpg.rf.82510529b957120e4f320d190581aa9e.jpg,CATEGORY_PROXY_Pichwai,unknown_unannotated,train
train/Pichwai/images20_jpg.rf.b40f7f57c68daf63a9da3340393b16b9.jpg,CATEGORY_PROXY_Pichwai,unknown_unannotated,train
train/Pichwai/images21_jpg.rf.0f83d70ce4dd0643dc3d7713374adac1.jpg,CATEGORY_PROXY_Pichwai,unknown_unannotated,train
train/Pichwai/images21_jpg.rf.965e184ff48402e14e645795620ca765.jpg,CATEGORY_PROXY_Pichwai,unknown_unannotated,train
train/Pichwai/images21_jpg.rf.d4aa90afa117e7f7cf2833228925fdbc.jpg,CATEGORY_PROXY_Pichwai,unknown_unannotated,train
train/Pichwai/images22_jpg.rf.a17b033b787eedb2039bb27ef379aa33.jpg,CATEGORY_PROXY_Pichwai,unknown_unannotated,train
train/Pichwai/images22_jpg.rf.b71f11417e41e4a0bd78e2b55a00e334.jpg,CATEGORY_PROXY_Pichwai,unknown_unannotated,train
train/Pichwai/images22_jpg.rf.e1d6ad0a3d092a32d8bbf4955fce549f.jpg,CATEGORY_PROXY_Pichwai,unknown_unannotated,train
train/Pichwai/images24_jpg.rf.0e7fa5cc70c5109bc689be4422456d9a.jpg,CATEGORY_PROXY_Pichwai,unknown_unannotated,train
train/Pichwai/images24_jpg.rf.46eaab8fc17754270aca3db638bcef85.jpg,CATEGORY_PROXY_Pichwai,unknown_unannotated,train
train/Pichwai/images24_jpg.rf.644d82c362e9d7f10c8781cd65fd36a7.jpg,CATEGORY_PROXY_Pichwai,unknown_unannotated,train
train/Pichwai/images2_jpg.rf.22f2f4eb552e102052e518ba478a1925.jpg,CATEGORY_PROXY_Pichwai,unknown_unannotated,train
train/Pichwai/images2_jpg.rf.a4fa9853ae63679d2f012eec63432a92.jpg,CATEGORY_PROXY_Pichwai,unknown_unannotated,train
train/Pichwai/images2_jpg.rf.dd97e8793660e80f8491f1ee5a1ee952.jpg,CATEGORY_PROXY_Pichwai,unknown_unannotated,train
train/Pichwai/images3_jpg.rf.341ae1b8b9ba7ba63c242cef7905a7b4.jpg,CATEGORY_PROXY_Pichwai,unknown_unannotated,train
train/Pichwai/images3_jpg.rf.6e44c5639081f6a35966efc3531e68b1.jpg,CATEGORY_PROXY_Pichwai,unknown_unannotated,train
train/Pichwai/images3_jpg.rf.e7dac320ad95af2944a07ffafefa863d.jpg,CATEGORY_PROXY_Pichwai,unknown_unannotated,train
train/Pichwai/images4_jpg.rf.445ad4ebb242afb08f171a95039b1d0f.jpg,CATEGORY_PROXY_Pichwai,unknown_unannotated,train
train/Pichwai/images4_jpg.rf.94eaa42229d2bbbf0c44afbd565185d4.jpg,CATEGORY_PROXY_Pichwai,unknown_unannotated,train
train/Pichwai/images4_jpg.rf.b078c6f6f69356661fcfe98c962a99fb.jpg,CATEGORY_PROXY_Pichwai,unknown_unannotated,train
train/Pichwai/images5_jpg.rf.7c40ebc99defeb7e6e65d94f4ffd0197.jpg,CATEGORY_PROXY_Pichwai,unknown_unannotated,train
train/Pichwai/images5_jpg.rf.89e6b8e74d2afcb55d67921ee0ea6de8.jpg,CATEGORY_PROXY_Pichwai,unknown_unannotated,train
train/Pichwai/images5_jpg.rf.a636b6b0fb14cdea9d0e599b6bd030a5.jpg,CATEGORY_PROXY_Pichwai,unknown_unannotated,train
train/Pichwai/images6_jpg.rf.636c80c7d9a281abcdd5083dfdddf708.jpg,CATEGORY_PROXY_Pichwai,unknown_unannotated,train
train/Pichwai/images6_jpg.rf.f5903efabbc5fbb19f93d780b239436e.jpg,CATEGORY_PROXY_Pichwai,unknown_unannotated,train
train/Pichwai/images6_jpg.rf.f649ee22e07931dbccdc89ac906b5bcd.jpg,CATEGORY_PROXY_Pichwai,unknown_unannotated,train
train/Pichwai/images7_jpg.rf.41386dac0ae2aca0deeb7e4a5cb0125e.jpg,CATEGORY_PROXY_Pichwai,unknown_unannotated,train
train/Pichwai/images7_jpg.rf.5460d4e626300d6fad54bd82881422db.jpg,CATEGORY_PROXY_Pichwai,unknown_unannotated,train
train/Pichwai/images7_jpg.rf.acb46143a5cba3151c2d03d1c3458d5c.jpg,CATEGORY_PROXY_Pichwai,unknown_unannotated,train
train/Pichwai/images9_jpg.rf.75aa3ac5f545080df4517fae774a98a7.jpg,CATEGORY_PROXY_Pichwai,unknown_unannotated,train
train/Pichwai/images9_jpg.rf.96142bb757c253d32ef4ede070c83c83.jpg,CATEGORY_PROXY_Pichwai,unknown_unannotated,train
train/Pichwai/images9_jpg.rf.a1dc64ac7ffffb404cec481fd15f9413.jpg,CATEGORY_PROXY_Pichwai,unknown_unannotated,train
train/Pichwai/images_jpg.rf.064e6d14c41fee8c1ee28ddb5c1516e1.jpg,CATEGORY_PROXY_Pichwai,unknown_unannotated,train
train/Pichwai/images_jpg.rf.4be543c60dfccbb869c0ae165dae4701.jpg,CATEGORY_PROXY_Pichwai,unknown_unannotated,train
train/Pichwai/images_jpg.rf.6711945b18c6e0a50aabc856ccadcfb2.jpg,CATEGORY_PROXY_Pichwai,unknown_unannotated,train
train/Pichwai/IMG-20210709-WA0017_grande_jpg.rf.b65b62a6b8caeb722bebbfb326d3b38f.jpg,CATEGORY_PROXY_Pichwai,unknown_unannotated,train
train/Pichwai/IMG-20210709-WA0017_grande_jpg.rf.c53f2112396748866d8c602bec72eb1d.jpg,CATEGORY_PROXY_Pichwai,unknown_unannotated,train
train/Pichwai/IMG-20210709-WA0017_grande_jpg.rf.e8f2c6db14c4c8f64d52ed9351839a73.jpg,CATEGORY_PROXY_Pichwai,unknown_unannotated,train
train/Pichwai/Img1-1-555x832_jpg.rf.05a520f345441942e35952ad43c741f6.jpg,CATEGORY_PROXY_Pichwai,unknown_unannotated,train
train/Pichwai/Img1-1-555x832_jpg.rf.3c4ef7cc488053ac30b4ebf5e39ee3e5.jpg,CATEGORY_PROXY_Pichwai,unknown_unannotated,train
train/Pichwai/Img1-1-555x832_jpg.rf.5c15f66c21607f96236a4d9c45a749ef.jpg,CATEGORY_PROXY_Pichwai,unknown_unannotated,train
train/Pichwai/Instagrampost-251_800x_png.rf.07dba6d6ab9c7b805e4a4fa7e8586490.jpg,CATEGORY_PROXY_Pichwai,unknown_unannotated,train
train/Pichwai/Instagrampost-251_800x_png.rf.9a9325ebcb2dd24bc837901c647108ab.jpg,CATEGORY_PROXY_Pichwai,unknown_unannotated,train
train/Pichwai/Instagrampost-251_800x_png.rf.d7f513765174d94ef8e785ca9fc94e17.jpg,CATEGORY_PROXY_Pichwai,unknown_unannotated,train
train/Pichwai/Instagrampost-256_800x_png.rf.2aa78ab16194691d13f92d7e1c9e76fe.jpg,CATEGORY_PROXY_Pichwai,unknown_unannotated,train
train/Pichwai/Instagrampost-256_800x_png.rf.2fd70e72b8f0846ee8b664d024eab506.jpg,CATEGORY_PROXY_Pichwai,unknown_unannotated,train
train/Pichwai/Instagrampost-256_800x_png.rf.a06eace244bc7276dc47f70906cb168a.jpg,CATEGORY_PROXY_Pichwai,unknown_unannotated,train
train/Pichwai/Instagrampost-266_800x_png.rf.2f9c2ea29cfa197f467c61efc8bb14c7.jpg,CATEGORY_PROXY_Pichwai,unknown_unannotated,train
train/Pichwai/Instagrampost-266_800x_png.rf.7a72877cd3b9e2a7707a7b7eae1adb07.jpg,CATEGORY_PROXY_Pichwai,unknown_unannotated,train
train/Pichwai/Instagrampost-266_800x_png.rf.7d7fc696034dcfdc5a5bc388a2cb7049.jpg,CATEGORY_PROXY_Pichwai,unknown_unannotated,train
train/Pichwai/NAVY-BLUE-PLACEMENT-PICHWAI-PRINT_d4f02903-48a2-42ae-aa94-7ab26b550bf5_jpg.rf.abd6293e21406dec456dfe0b2416a312.jpg,CATEGORY_PROXY_Pichwai,unknown_unannotated,train
train/Pichwai/NAVY-BLUE-PLACEMENT-PICHWAI-PRINT_d4f02903-48a2-42ae-aa94-7ab26b550bf5_jpg.rf.db525ce09f398e642874d66cb524b791.jpg,CATEGORY_PROXY_Pichwai,unknown_unannotated,train
train/Pichwai/NAVY-BLUE-PLACEMENT-PICHWAI-PRINT_d4f02903-48a2-42ae-aa94-7ab26b550bf5_jpg.rf.eb639e9fe5759311e29a18a5f64aed29.jpg,CATEGORY_PROXY_Pichwai,unknown_unannotated,train
train/Pichwai/pastel-hand-painted-pure-moonga-silk-pichwai-blouse-fabric-1-mtr-775928_jpg.rf.331e91b674d80ec395c662cca559c142.jpg,CATEGORY_PROXY_Pichwai,unknown_unannotated,train
train/Pichwai/pastel-hand-painted-pure-moonga-silk-pichwai-blouse-fabric-1-mtr-775928_jpg.rf.3f897b4efc4aac8fc8aa5872826cd01c.jpg,CATEGORY_PROXY_Pichwai,unknown_unannotated,train
train/Pichwai/pastel-hand-painted-pure-moonga-silk-pichwai-blouse-fabric-1-mtr-775928_jpg.rf.b4c3a71a49a0c11f31f766a836573840.jpg,CATEGORY_PROXY_Pichwai,unknown_unannotated,train
train/Pichwai/pastel-hand-painted-pure-moonga-silk-pichwai-blouse-fabric-1-mtr-934107_jpg.rf.42783259513e30c3a0d52463d6453a2f.jpg,CATEGORY_PROXY_Pichwai,unknown_unannotated,train
train/Pichwai/pastel-hand-painted-pure-moonga-silk-pichwai-blouse-fabric-1-mtr-934107_jpg.rf.6eb1ef2190b1583f09f2212c26deb3bb.jpg,CATEGORY_PROXY_Pichwai,unknown_unannotated,train
train/Pichwai/pastel-hand-painted-pure-moonga-silk-pichwai-blouse-fabric-1-mtr-934107_jpg.rf.98137f3ac33814bddcb4510d8398700d.jpg,CATEGORY_PROXY_Pichwai,unknown_unannotated,train
train/Pichwai/PD07A_jpg.rf.3c13e7582049f2172c22671f203403f2.jpg,CATEGORY_PROXY_Pichwai,unknown_unannotated,train
train/Pichwai/PD07A_jpg.rf.6dd5719e209917b52807198f72273146.jpg,CATEGORY_PROXY_Pichwai,unknown_unannotated,train
train/Pichwai/PD07A_jpg.rf.f58ae1c265b7a76461c3051469008328.jpg,CATEGORY_PROXY_Pichwai,unknown_unannotated,train
train/Pichwai/pea-flt1238_jpg.rf.1f73e6832c9340bd79fe4b37f86d9f8e.jpg,CATEGORY_PROXY_Pichwai,unknown_unannotated,train
train/Pichwai/pea-flt1238_jpg.rf.7f0247d4d121ee064f3f175657acc223.jpg,CATEGORY_PROXY_Pichwai,unknown_unannotated,train
train/Pichwai/pea-flt1238_jpg.rf.c0d45707fe5839bf2a2937d99484551d.jpg,CATEGORY_PROXY_Pichwai,unknown_unannotated,train
train/Pichwai/pea-flt1658a_jpg.rf.2840a9d6709dc2a1799f5eb2927b78ee.jpg,CATEGORY_PROXY_Pichwai,unknown_unannotated,train
train/Pichwai/pea-flt1658a_jpg.rf.55b2adce87cf81ca60e7c3d521705d68.jpg,CATEGORY_PROXY_Pichwai,unknown_unannotated,train
train/Pichwai/pea-flt1658a_jpg.rf.f692ee56c6679c977fa6f6ff09e61486.jpg,CATEGORY_PROXY_Pichwai,unknown_unannotated,train
train/Pichwai/PICHWAI-100004-03_jpg.rf.60d86b6369d6c847387e3957fc0d2421.jpg,CATEGORY_PROXY_Pichwai,unknown_unannotated,train
train/Pichwai/PICHWAI-100004-03_jpg.rf.69b72a577c43f1513ea9312bf94da084.jpg,CATEGORY_PROXY_Pichwai,unknown_unannotated,train
train/Pichwai/PICHWAI-100004-03_jpg.rf.c1613a81bd6019cd058a493df4dff1de.jpg,CATEGORY_PROXY_Pichwai,unknown_unannotated,train
train/Pichwai/PICHWAI-100006-03_jpg.rf.44c819e1428df6135fe761b2d132bce4.jpg,CATEGORY_PROXY_Pichwai,unknown_unannotated,train
train/Pichwai/PICHWAI-100006-03_jpg.rf.6e12a114d9d4bb35af7545bfc2c8b653.jpg,CATEGORY_PROXY_Pichwai,unknown_unannotated,train
train/Pichwai/PICHWAI-100006-03_jpg.rf.f7e562aefe04b3d270c7e097d2fdddfd.jpg,CATEGORY_PROXY_Pichwai,unknown_unannotated,train
train/Pichwai/PICHWAI-100009-03_jpg.rf.1414dec2c83cad530a1cdca9a6026c7e.jpg,CATEGORY_PROXY_Pichwai,unknown_unannotated,train
train/Pichwai/PICHWAI-100009-03_jpg.rf.4b6f4615d3698ee37d0c1512526cc01e.jpg,CATEGORY_PROXY_Pichwai,unknown_unannotated,train
train/Pichwai/PICHWAI-100009-03_jpg.rf.b310e5990f4a4c91506a3fc9b9fc6f7f.jpg,CATEGORY_PROXY_Pichwai,unknown_unannotated,train
train/Pichwai/PICHWAI-100011-03_jpg.rf.1dcf9ed89c1b66774be53e5d6540639d.jpg,CATEGORY_PROXY_Pichwai,unknown_unannotated,train
train/Pichwai/PICHWAI-100011-03_jpg.rf.b6c891051ca8b750f5da4e0d38352bf4.jpg,CATEGORY_PROXY_Pichwai,unknown_unannotated,train
train/Pichwai/PICHWAI-100011-03_jpg.rf.f378c415caa0b7217367244b17883c5c.jpg,CATEGORY_PROXY_Pichwai,unknown_unannotated,train
train/Pichwai/PICHWAI-100012-03_jpg.rf.056887dc74678ebfb71e20af90f2180d.jpg,CATEGORY_PROXY_Pichwai,unknown_unannotated,train
train/Pichwai/PICHWAI-100012-03_jpg.rf.104eda736db85ad8807b3cfb6a7ac8bb.jpg,CATEGORY_PROXY_Pichwai,unknown_unannotated,train
train/Pichwai/PICHWAI-100012-03_jpg.rf.8c0c39526e7a38cf12f7e41162d74f5b.jpg,CATEGORY_PROXY_Pichwai,unknown_unannotated,train
train/Pichwai/pichwai-painting-500x500_jpg.rf.4b41397f51263153c8fc3707d93f1a28.jpg,CATEGORY_PROXY_Pichwai,unknown_unannotated,train
train/Pichwai/pichwai-painting-500x500_jpg.rf.8306297980deb36db082f1f929eb08b0.jpg,CATEGORY_PROXY_Pichwai,unknown_unannotated,train
train/Pichwai/pichwai-painting-500x500_jpg.rf.9e19f9d82ff78f9ad23779ed8cb4893b.jpg,CATEGORY_PROXY_Pichwai,unknown_unannotated,train
train/Pichwai/pichwai-print-muslin-fabric-wholesale-500x500_jpg.rf.11ba18923f0ac7293e8763276a5eef47.jpg,CATEGORY_PROXY_Pichwai,unknown_unannotated,train
train/Pichwai/pichwai-print-muslin-fabric-wholesale-500x500_jpg.rf.127f9a1c42aa6a177c5256abbb101c46.jpg,CATEGORY_PROXY_Pichwai,unknown_unannotated,train
train/Pichwai/pichwai-print-muslin-fabric-wholesale-500x500_jpg.rf.f35069bf8667c50403823744b1e8a56a.jpg,CATEGORY_PROXY_Pichwai,unknown_unannotated,train
train/Pichwai/Pichwai20Patterns20_jpg.rf.7b3e4d84389194fd876d3b4ab5edeab3.jpg,CATEGORY_PROXY_Pichwai,unknown_unannotated,train
train/Pichwai/Pichwai20Patterns20_jpg.rf.eb2ca3e62cb4812077b366357855980f.jpg,CATEGORY_PROXY_Pichwai,unknown_unannotated,train
train/Pichwai/Pichwai20Patterns20_jpg.rf.ef4d01f2b458822b4c08b24cfcc61c21.jpg,CATEGORY_PROXY_Pichwai,unknown_unannotated,train
train/Pichwai/PichwaiSaree_174d6518-4521-401b-b8a5-1b562e5852c3_jpg.rf.32d4b21b67a54f569d3a9f78e5c24caa.jpg,CATEGORY_PROXY_Pichwai,unknown_unannotated,train
train/Pichwai/PichwaiSaree_174d6518-4521-401b-b8a5-1b562e5852c3_jpg.rf.4d26d5c5bfe82e7c51fad2041835e629.jpg,CATEGORY_PROXY_Pichwai,unknown_unannotated,train
train/Pichwai/PichwaiSaree_174d6518-4521-401b-b8a5-1b562e5852c3_jpg.rf.7b1d43ad056e840e3f15350aa85ecaff.jpg,CATEGORY_PROXY_Pichwai,unknown_unannotated,train
train/Pichwai/sddefault2_jpg.rf.5a790ee29cf28bf4dc506a22c55c6278.jpg,CATEGORY_PROXY_Pichwai,unknown_unannotated,train
train/Pichwai/sddefault2_jpg.rf.6eee2af369951811fc961d0933378df5.jpg,CATEGORY_PROXY_Pichwai,unknown_unannotated,train
train/Pichwai/sddefault2_jpg.rf.8db798c47b154a8b9f6237db6499812f.jpg,CATEGORY_PROXY_Pichwai,unknown_unannotated,train
train/Pichwai/sddefault_jpg.rf.5420d76812a7bd8f3dad61a03a878efd.jpg,CATEGORY_PROXY_Pichwai,unknown_unannotated,train
train/Pichwai/sddefault_jpg.rf.852c05f8cbb93a31518c162080cd128f.jpg,CATEGORY_PROXY_Pichwai,unknown_unannotated,train
train/Pichwai/sddefault_jpg.rf.a7beaee1aa55d1080ca73eb4cbb8202a.jpg,CATEGORY_PROXY_Pichwai,unknown_unannotated,train
train/Pichwai/The-folkart-rajasthan-pichwai-product-image-1-srinathji-sundari-silks_png.rf.1535bc46c96f60628a38fb9d659dac9d.jpg,CATEGORY_PROXY_Pichwai,unknown_unannotated,train
train/Pichwai/The-folkart-rajasthan-pichwai-product-image-1-srinathji-sundari-silks_png.rf.5176a9418d30165ffa441b6afbe575de.jpg,CATEGORY_PROXY_Pichwai,unknown_unannotated,train
train/Pichwai/The-folkart-rajasthan-pichwai-product-image-1-srinathji-sundari-silks_png.rf.fb88ae41c59ed1c2299c20f9fd3e4640.jpg,CATEGORY_PROXY_Pichwai,unknown_unannotated,train
train/Pichwai/The-folkart-rajasthan-product-image-2-pichwai-art-sundari-silks_png.rf.4749b1afc6e79a6d109f7536deee5124.jpg,CATEGORY_PROXY_Pichwai,unknown_unannotated,train
train/Pichwai/The-folkart-rajasthan-product-image-2-pichwai-art-sundari-silks_png.rf.5cb332c4f3248b2e8ccef766ed4e920b.jpg,CATEGORY_PROXY_Pichwai,unknown_unannotated,train
train/Pichwai/The-folkart-rajasthan-product-image-2-pichwai-art-sundari-silks_png.rf.fe44142fd5697f14991320a20255c7f9.jpg,CATEGORY_PROXY_Pichwai,unknown_unannotated,train
train/Pichwai/whatsapp-image-2023-09-19-at-10-28-51-pm-6-500x500_jpeg.rf.25783fa59864a8ce77cbb28c3a6f12f4.jpg,CATEGORY_PROXY_Pichwai,unknown_unannotated,train
train/Pichwai/whatsapp-image-2023-09-19-at-10-28-51-pm-6-500x500_jpeg.rf.41f92a66c2a4345c9c9940a0bfd36b3e.jpg,CATEGORY_PROXY_Pichwai,unknown_unannotated,train
train/Pichwai/whatsapp-image-2023-09-19-at-10-28-51-pm-6-500x500_jpeg.rf.552fd5421b21288407f36bf79fdf17b8.jpg,CATEGORY_PROXY_Pichwai,unknown_unannotated,train
train/Pichwai/whatsapp-image-2023-09-19-at-10-28-51-pm-7-500x500_jpeg.rf.078449ad7e732eb14644d8b7abd99505.jpg,CATEGORY_PROXY_Pichwai,unknown_unannotated,train
train/Pichwai/whatsapp-image-2023-09-19-at-10-28-51-pm-7-500x500_jpeg.rf.d8373b8b36d0660951a4fc5b4d663f76.jpg,CATEGORY_PROXY_Pichwai,unknown_unannotated,train
train/Pichwai/whatsapp-image-2023-09-19-at-10-28-51-pm-7-500x500_jpeg.rf.f778c940b0bb2a260b55ab881d12a2fa.jpg,CATEGORY_PROXY_Pichwai,unknown_unannotated,train
train/Pichwai/WhatsAppImage2022-07-11at6-03-03PM_jpg.rf.5919541de588b7193f94efd03be39f87.jpg,CATEGORY_PROXY_Pichwai,unknown_unannotated,train
train/Pichwai/WhatsAppImage2022-07-11at6-03-03PM_jpg.rf.5e6347246e0aa2f267956db2fd732348.jpg,CATEGORY_PROXY_Pichwai,unknown_unannotated,train
train/Pichwai/WhatsAppImage2022-07-11at6-03-03PM_jpg.rf.bda70f39ebf0829458a30f68904a2731.jpg,CATEGORY_PROXY_Pichwai,unknown_unannotated,train
train/Pichwai/WhatsAppImage2022-07-29at11-41-25AM_2_jpg.rf.0ba70bd45bbb310892de1fbfe5daee18.jpg,CATEGORY_PROXY_Pichwai,unknown_unannotated,train
train/Pichwai/WhatsAppImage2022-07-29at11-41-25AM_2_jpg.rf.0e1513d2900a589311285cf5a7ded73f.jpg,CATEGORY_PROXY_Pichwai,unknown_unannotated,train
train/Pichwai/WhatsAppImage2022-07-29at11-41-25AM_2_jpg.rf.9fca7409ff4ba96a27c8f0fa5f5eaab0.jpg,CATEGORY_PROXY_Pichwai,unknown_unannotated,train
train/Pichwai/WhatsAppImage2024-04-12at4-09-20PM_jpg.rf.3a11aa70c63aff86a08aac59c862573d.jpg,CATEGORY_PROXY_Pichwai,unknown_unannotated,train
train/Pichwai/WhatsAppImage2024-04-12at4-09-20PM_jpg.rf.568c3b7107149b5f4b0cacda34d03277.jpg,CATEGORY_PROXY_Pichwai,unknown_unannotated,train
train/Pichwai/WhatsAppImage2024-04-12at4-09-20PM_jpg.rf.5ca351c9844802e891b01cfa40787534.jpg,CATEGORY_PROXY_Pichwai,unknown_unannotated,train
valid/Banarasi/11riHqkHpGieS5q4-dyczErNPTIqoCZW_jpg.rf.e5b80a072f5cce466cdf3258296ee54e.jpg,CATEGORY_PROXY_Banarasi,unknown_unannotated,val
valid/Banarasi/1jh1AIS070IZ9hQSX_hOCBRbMrxh5Rmb4_jpg.rf.56f993396da8ef47cd02c5a810e799a0.jpg,CATEGORY_PROXY_Banarasi,unknown_unannotated,val
valid/Banarasi/634d1e8e4d1ed87e5911523d-craftyart-dark-green-brocade-silk-fabric_jpg.rf.453cc5c0c2054dcfe504d1f006f31b5d.jpg,CATEGORY_PROXY_Banarasi,unknown_unannotated,val
valid/Banarasi/banarasi-silk-fabric-1_jpg.rf.cf7432d3b3e2eb38ff3bbd21b12aab9a.jpg,CATEGORY_PROXY_Banarasi,unknown_unannotated,val
valid/Banarasi/CTH-111_1_-NEW-Chinaya-Banaarsi-Silk-fabric_jpg.rf.fed9bf0735a20092ededc1fb15c5e406.jpg,CATEGORY_PROXY_Banarasi,unknown_unannotated,val
valid/Banarasi/IF1B1HM123050602_Pink_Banarasi_Silk_Fabric_jpg.rf.cfb3c7cd97909675586b9321f0e135d3.jpg,CATEGORY_PROXY_Banarasi,unknown_unannotated,val
valid/Banarasi/image12_jpeg.rf.71e06167bc0b0419fb761a21c864f195.jpg,CATEGORY_PROXY_Banarasi,unknown_unannotated,val
valid/Banarasi/image16_jpeg.rf.889cd72042747bcc50ba15e9f2070cec.jpg,CATEGORY_PROXY_Banarasi,unknown_unannotated,val
valid/Banarasi/image27_jpeg.rf.4a6a343b13322af1fe1209da18514265.jpg,CATEGORY_PROXY_Banarasi,unknown_unannotated,val
valid/Banarasi/image3_jpeg.rf.8f97d571ccb49620cbb8aa99aff96631.jpg,CATEGORY_PROXY_Banarasi,unknown_unannotated,val
valid/Banarasi/image_debfd6b2-0e78-4def-9bb0-8171df052c9b_jpg.rf.4fa0cfe891f6dbfe2cd442e44223a1e4.jpg,CATEGORY_PROXY_Banarasi,unknown_unannotated,val
valid/Banarasi/images111_jpg.rf.bfa03bfb2c97b61f105b61992813f494.jpg,CATEGORY_PROXY_Banarasi,unknown_unannotated,val
valid/Banarasi/images117_jpg.rf.7d38bea6af5f6cec8960e018f03ab184.jpg,CATEGORY_PROXY_Banarasi,unknown_unannotated,val
valid/Banarasi/images119_jpg.rf.67c7f20618faecd322a604151a61cb29.jpg,CATEGORY_PROXY_Banarasi,unknown_unannotated,val
valid/Banarasi/images12_jpg.rf.cc5738194c977dc13aea5388b43a5b61.jpg,CATEGORY_PROXY_Banarasi,unknown_unannotated,val
valid/Banarasi/images138_jpg.rf.0532a3771bb1b61fa0b473388efbe1cc.jpg,CATEGORY_PROXY_Banarasi,unknown_unannotated,val
valid/Banarasi/images141_jpg.rf.61bed5f166a9d3476dc20ac4f4f30d09.jpg,CATEGORY_PROXY_Banarasi,unknown_unannotated,val
valid/Banarasi/images142_jpg.rf.bbbec6ce70a0941c05f7b553dfc851f3.jpg,CATEGORY_PROXY_Banarasi,unknown_unannotated,val
valid/Banarasi/images149_jpg.rf.5905e4ca06f078d7bd69ba8d05d4d52c.jpg,CATEGORY_PROXY_Banarasi,unknown_unannotated,val
valid/Banarasi/images14_jpg.rf.cd962a7324af2f2c7e0d5277e21769fa.jpg,CATEGORY_PROXY_Banarasi,unknown_unannotated,val
valid/Banarasi/images151_jpg.rf.393c9275148fb0b7e029cc459d834ac2.jpg,CATEGORY_PROXY_Banarasi,unknown_unannotated,val
valid/Banarasi/images154_jpg.rf.b674514d7e50547d165575196b3a0bf8.jpg,CATEGORY_PROXY_Banarasi,unknown_unannotated,val
valid/Banarasi/images162_jpg.rf.9d2e28a2072083e15810a99dabe7246c.jpg,CATEGORY_PROXY_Banarasi,unknown_unannotated,val
valid/Banarasi/images164_jpg.rf.c0eeb4152628c1ff26471b3ec654e1bf.jpg,CATEGORY_PROXY_Banarasi,unknown_unannotated,val
valid/Banarasi/images167_jpg.rf.5ce0cd0c83a0d1344a1900b32a42dd41.jpg,CATEGORY_PROXY_Banarasi,unknown_unannotated,val
valid/Banarasi/images168_jpg.rf.d64adabba8f41b5f3ab9878d33be6474.jpg,CATEGORY_PROXY_Banarasi,unknown_unannotated,val
valid/Banarasi/images172_jpg.rf.df69457214f062fabc3abc88494e8725.jpg,CATEGORY_PROXY_Banarasi,unknown_unannotated,val
valid/Banarasi/images177_jpg.rf.4a5995be229a36b52d0c75382decde76.jpg,CATEGORY_PROXY_Banarasi,unknown_unannotated,val
valid/Banarasi/images23_jpg.rf.bfc30ebf3000e395255d548f9653f456.jpg,CATEGORY_PROXY_Banarasi,unknown_unannotated,val
valid/Banarasi/images24_jpg.rf.adfafcd328bbb5d8f044123023f8c14f.jpg,CATEGORY_PROXY_Banarasi,unknown_unannotated,val
valid/Banarasi/images29_jpg.rf.5eddd70104f847e7469df48943649f6e.jpg,CATEGORY_PROXY_Banarasi,unknown_unannotated,val
valid/Banarasi/images35_jpg.rf.f3b86625148d299717ad75482f9dfb1c.jpg,CATEGORY_PROXY_Banarasi,unknown_unannotated,val
valid/Banarasi/images52_jpg.rf.aab1250c2d5ec4b92dd77ffa972d7704.jpg,CATEGORY_PROXY_Banarasi,unknown_unannotated,val
valid/Banarasi/images79_jpg.rf.c7f929ae0bb918bb862314258c21b0c9.jpg,CATEGORY_PROXY_Banarasi,unknown_unannotated,val
valid/Banarasi/images7_jpg.rf.548124a6f72034f6d9d68a5ee7a0ec38.jpg,CATEGORY_PROXY_Banarasi,unknown_unannotated,val
valid/Banarasi/images87_jpg.rf.aa2bb6e30cfefab66a17289cf530ab89.jpg,CATEGORY_PROXY_Banarasi,unknown_unannotated,val
valid/Banarasi/images98_jpg.rf.6b4261ae357402814724db22351a5d6c.jpg,CATEGORY_PROXY_Banarasi,unknown_unannotated,val
valid/Banarasi/sf40472-saroj-fabrics-banarasi-silk-fabric_jpg.rf.7af36d20bc38f3bfaf9407738e8952ae.jpg,CATEGORY_PROXY_Banarasi,unknown_unannotated,val
valid/Banarasi/sf40591-saroj-fabrics-purple-banarasi-fabric_jpg.rf.6b957a97b0a54040be58466620a96d47.jpg,CATEGORY_PROXY_Banarasi,unknown_unannotated,val
valid/Banarasi/sfj48226_jpg.rf.d88f630e918c908c1736287209d03754.jpg,CATEGORY_PROXY_Banarasi,unknown_unannotated,val
valid/Banarasi/T285-PureSoftSatinShikargahFabricRed-3709_1200x_jpg.rf.0f1380d4b049b92aafc6c0aeb585f094.jpg,CATEGORY_PROXY_Banarasi,unknown_unannotated,val
valid/Banarasi/T362-PureKatanSilkBanarasiHandloomFabricThaanYardageYellow-766_1200x_jpg.rf.8d98ce8fa0cb03ddcb6621ba69add980.jpg,CATEGORY_PROXY_Banarasi,unknown_unannotated,val
valid/Banarasi/X2A4519_321be3c6-86a5-40a0-b208-6183f2290c91_jpg.rf.a5fe3966dcd7917a759342797b9ca3a8.jpg,CATEGORY_PROXY_Banarasi,unknown_unannotated,val
valid/Bandhani/17003301_jpg.rf.dc1c07731a4ece3345839e02ebcccaed.jpg,CATEGORY_PROXY_Bandhani,unknown_unannotated,val
valid/Bandhani/20211105_153147-640x640_jpg.rf.0bc30ced4bf81c9a288823eb700f7c88.jpg,CATEGORY_PROXY_Bandhani,unknown_unannotated,val
valid/Bandhani/31001385-A_jpg.rf.1f4ce34273ee0d9dddf8afbb7f0f3ae1.jpg,CATEGORY_PROXY_Bandhani,unknown_unannotated,val
valid/Bandhani/31006948-A_641a9e6a-9bdd-4394-8bd7-5a1b221f87e4_jpg.rf.7eeb7f2bc46c83c1c093cbb061b755cf.jpg,CATEGORY_PROXY_Bandhani,unknown_unannotated,val
valid/Bandhani/3369331327_jpg.rf.2cfc4e986a41ef45113d9c059674ce75.jpg,CATEGORY_PROXY_Bandhani,unknown_unannotated,val
valid/Bandhani/all-you-need-to-know-about-bandhani-peachmode_jpg.rf.1b09fe382fe7dea0003032eb14d55165.jpg,CATEGORY_PROXY_Bandhani,unknown_unannotated,val
valid/Bandhani/BH-1_a__result_jpg.rf.6b5778db028637783a47c272aaffd742.jpg,CATEGORY_PROXY_Bandhani,unknown_unannotated,val
valid/Bandhani/DN-1015-1_921d9151-9a55-48a2-acbc-753a348b9609_jpg.rf.ff238411cf444b79ed5a8b96a8223a45.jpg,CATEGORY_PROXY_Bandhani,unknown_unannotated,val
valid/Bandhani/IG_00829_eff47dcc-f42e-4b12-93e9-ff0baf07302c_jpg.rf.1f959ac57c5d571dc24e38a229ceabc5.jpg,CATEGORY_PROXY_Bandhani,unknown_unannotated,val
valid/Bandhani/image21_jpeg.rf.603a0a8b191b9df7105e4cb01083f32b.jpg,CATEGORY_PROXY_Bandhani,unknown_unannotated,val
valid/Bandhani/image22_jpeg.rf.c8d7a449a34c80700eb00717ebff73c0.jpg,CATEGORY_PROXY_Bandhani,unknown_unannotated,val
valid/Bandhani/image_jpeg.rf.17ea2df4e7afac80ab46163ec7a9f8f2.jpg,CATEGORY_PROXY_Bandhani,unknown_unannotated,val
valid/Bandhani/images3_jpg.rf.d1a7c970fcbf5ba877d0e55aa801f958.jpg,CATEGORY_PROXY_Bandhani,unknown_unannotated,val
valid/Bandhani/maroon-bandhani-pure-gajji-silk-fabric-1-mtr-117906_jpg.rf.3d16d979511b7b9eec15ffe800083746.jpg,CATEGORY_PROXY_Bandhani,unknown_unannotated,val
valid/Bandhani/maroon-bandhani-pure-gajji-silk-fabric-1-mtr-963034_jpg.rf.d66864d1e8adb15b60deccf1bf369a18.jpg,CATEGORY_PROXY_Bandhani,unknown_unannotated,val
valid/Bandhani/pr-pg-0-ta08268p-110-attractive-seamless-bandhani-digital-printed-fabric-pure-georgette-1_jpg.rf.9aacdf02af64c1c85c3fd5aa374af13d.jpg,CATEGORY_PROXY_Bandhani,unknown_unannotated,val
valid/Bandhani/product-jpeg-500x500_jpg.rf.e372d62bb2ed7e7d711349030b2eb918.jpg,CATEGORY_PROXY_Bandhani,unknown_unannotated,val
valid/Bandhani/raw-silk-bandhani-print-fabric-red-m-foks-1_webp.rf.11e65c45126600241fd51bea388c3f9c.jpg,CATEGORY_PROXY_Bandhani,unknown_unannotated,val
valid/Bandhani/raw-silk-bandhani-print-fabric-red-m-foks-3_webp.rf.b3f5838ec2980a00df6f78a50634f143.jpg,CATEGORY_PROXY_Bandhani,unknown_unannotated,val
valid/Bandhani/RFTCOM120_jpg.rf.3ddb5a4b99a0c4baa5d2df3e9213221a.jpg,CATEGORY_PROXY_Bandhani,unknown_unannotated,val
valid/Bandhani/seamless-decorative-geometric-patoda-bandhani-600nw-1874534062_jpg.rf.b685d132e9a806069c48086a2bcc223d.jpg,CATEGORY_PROXY_Bandhani,unknown_unannotated,val
valid/Bandhani/white-and-yellow-bandhani-print-on-red-kota-doria-fabric-635547_jpg.rf.f7fefce0320c4e0ed3f1724016fc0171.jpg,CATEGORY_PROXY_Bandhani,unknown_unannotated,val
valid/Ikat/-473Wx593H-469483202-multi-MODEL_jpg.rf.f8191965d828eab6184d763981fbeed8.jpg,CATEGORY_PROXY_Ikat,unknown_unannotated,val
valid/Ikat/52f8e176-412e-480c-a05a-6836a969400b_jpg.rf.ffd935c5c37cb985ab6db48694488a10.jpg,CATEGORY_PROXY_Ikat,unknown_unannotated,val
valid/Ikat/81849CP8LNL-_AC_UF10001000_QL80__jpg.rf.0b82cb725dca143a422f42b8fb723e9d.jpg,CATEGORY_PROXY_Ikat,unknown_unannotated,val
valid/Ikat/black-pochampally-ikat-cotton-handloom-fabric-with-buta-design-f0118-12917465940047_jpg.rf.46493347c67f40e0a06a1e1e15a2cc6b.jpg,CATEGORY_PROXY_Ikat,unknown_unannotated,val
valid/Ikat/dbf866c3-638b-495e-ab8e-284c2ef73587_jpg.rf.f6ab788fd3d1110add17205d89f3fc9d.jpg,CATEGORY_PROXY_Ikat,unknown_unannotated,val
valid/Ikat/F-IKCT0803-A_jpg.rf.7ceeece8c27887bff5486334885d2b95.jpg,CATEGORY_PROXY_Ikat,unknown_unannotated,val
valid/Ikat/gcgbhcofba0211__5_jpg.rf.2436aa61e63ee632cd80fe5639b0662c.jpg,CATEGORY_PROXY_Ikat,unknown_unannotated,val
valid/Ikat/gsosaincofb250-_285_29_jpg.rf.949b1ffeec6eca390cde64f03e7eba64.jpg,CATEGORY_PROXY_Ikat,unknown_unannotated,val
valid/Ikat/gsosaincofb254-_285_29_jpg.rf.005f625a2572b300b68e39e83e2622a8.jpg,CATEGORY_PROXY_Ikat,unknown_unannotated,val
valid/Ikat/image16_jpeg.rf.35c7f56927c1de8f0875d69b4e5a7dc7.jpg,CATEGORY_PROXY_Ikat,unknown_unannotated,val
valid/Ikat/image18_jpeg.rf.a97c860bd0bc51ef8a4b70849c6ae785.jpg,CATEGORY_PROXY_Ikat,unknown_unannotated,val
valid/Ikat/image3_jpeg.rf.992bb4c39252ef71d8c58e5427e2871c.jpg,CATEGORY_PROXY_Ikat,unknown_unannotated,val
valid/Ikat/image7_jpeg.rf.93a740762162b566353f279a64c1370a.jpg,CATEGORY_PROXY_Ikat,unknown_unannotated,val
valid/Ikat/images12_jpg.rf.587d1b7c883bcd6e50dfaabe171b62b7.jpg,CATEGORY_PROXY_Ikat,unknown_unannotated,val
valid/Ikat/images16_jpg.rf.b1559f6bd09134db8387e05bcf7194fc.jpg,CATEGORY_PROXY_Ikat,unknown_unannotated,val
valid/Ikat/images26_jpg.rf.44b13ea354cfc1d51eb3070e585acafd.jpg,CATEGORY_PROXY_Ikat,unknown_unannotated,val
valid/Ikat/images27_jpg.rf.494e8841fc06959d66550d0f81ec1d29.jpg,CATEGORY_PROXY_Ikat,unknown_unannotated,val
valid/Ikat/images31_jpg.rf.cc41d2af1c2551646cc984cff771d9bc.jpg,CATEGORY_PROXY_Ikat,unknown_unannotated,val
valid/Ikat/images33_jpg.rf.4f0a0a90ee7f0ee1d1d3d8f81a1b6ac4.jpg,CATEGORY_PROXY_Ikat,unknown_unannotated,val
valid/Ikat/images9_jpg.rf.625a2a99393ccba2cafab1b60a1e1bb6.jpg,CATEGORY_PROXY_Ikat,unknown_unannotated,val
valid/Ikat/pochampally-ikat-cotton-fabric_jpg.rf.7bc687ab0462098d179345aed335f133.jpg,CATEGORY_PROXY_Ikat,unknown_unannotated,val
valid/Ikat/pochampally-ikat-cotton-green-color-fabric-pochampallysarees-com_jpg.rf.51c77e1843f6b2df322f0d51f851d9a0.jpg,CATEGORY_PROXY_Ikat,unknown_unannotated,val
valid/Ikat/pochampally-ikat-dress-fabric-742_jpg.rf.ae40965664cdcc44e21bc942f7734540.jpg,CATEGORY_PROXY_Ikat,unknown_unannotated,val
valid/Ikat/pochampally-ikkat-raw-silk_jpeg.rf.d5543cc323cb98f103ac64b655c26c8b.jpg,CATEGORY_PROXY_Ikat,unknown_unannotated,val
valid/Ikat/s1240101h1_grande_jpg.rf.cb30f0724ff0b1426489126821b5dad8.jpg,CATEGORY_PROXY_Ikat,unknown_unannotated,val
valid/Ikat/X2A6361_c4565d6d-af05-4cc5-ae67-de975c9e6a74_jpg.rf.9f8cf98ae5cd7b99e4368fa3f708cae2.jpg,CATEGORY_PROXY_Ikat,unknown_unannotated,val
valid/Pichwai/-wall-decor-blue-6-inch-product-images-orvhtikoavh-p604001006-2-202308211414_jpg.rf.d1e70fa5bad42818fcea663eb75a7c31.jpg,CATEGORY_PROXY_Pichwai,unknown_unannotated,val
valid/Pichwai/116_webp.rf.423160b35801b4353b664a8fcc5308d8.jpg,CATEGORY_PROXY_Pichwai,unknown_unannotated,val
valid/Pichwai/22003347-Scale_jpg.rf.8491286f3e17233df9c53454da1a8c8f.jpg,CATEGORY_PROXY_Pichwai,unknown_unannotated,val
valid/Pichwai/474313-a_3f7365a0-1b40-4d34-9c30-a8224a28f940_jpg.rf.3908cb7a677a110343cd0ff276413852.jpg,CATEGORY_PROXY_Pichwai,unknown_unannotated,val
valid/Pichwai/71do3N9iLXL-_AC_UF10001000_QL80__jpg.rf.7e65a4211430a8c4a2770c83ddc24508.jpg,CATEGORY_PROXY_Pichwai,unknown_unannotated,val
valid/Pichwai/94235-3-401_jpg.rf.ed0cb5a1022b45db49f5338cde3a58f2.jpg,CATEGORY_PROXY_Pichwai,unknown_unannotated,val
valid/Pichwai/decorative-fabric_jpg.rf.faebd093bb0a7e40fd7ac84c1b254dde.jpg,CATEGORY_PROXY_Pichwai,unknown_unannotated,val
valid/Pichwai/eig7q_512_webp.rf.2dfc1e8d10bf00012dc57816b8540945.jpg,CATEGORY_PROXY_Pichwai,unknown_unannotated,val
valid/Pichwai/IF1K1RD424012504_Pastel_Digital_Printed_Pichwai_Tussar_Silk_Fabric_jpg.rf.b8766566fc965fb19f25760e30834f5c.jpg,CATEGORY_PROXY_Pichwai,unknown_unannotated,val
valid/Pichwai/il_570xN-3329180972_3yxa_jpg.rf.02da324806f86e347bf4ec25f85db6a1.jpg,CATEGORY_PROXY_Pichwai,unknown_unannotated,val
valid/Pichwai/image21_jpeg.rf.18a19e0529f7a2ed165958a1dc5fafa1.jpg,CATEGORY_PROXY_Pichwai,unknown_unannotated,val
valid/Pichwai/image31_jpeg.rf.1b76e255379b72458edeb7942a8c6301.jpg,CATEGORY_PROXY_Pichwai,unknown_unannotated,val
valid/Pichwai/images13_jpg.rf.b1b9fd7cc1bfc8df2ae4285a5b9f41fb.jpg,CATEGORY_PROXY_Pichwai,unknown_unannotated,val
valid/Pichwai/images19_jpg.rf.b5d924a6542a311b4775cbdef643c80d.jpg,CATEGORY_PROXY_Pichwai,unknown_unannotated,val
valid/Pichwai/images23_jpg.rf.bbfb789f70b3c46f7f7cb21c275d5ce8.jpg,CATEGORY_PROXY_Pichwai,unknown_unannotated,val
valid/Pichwai/images25_jpg.rf.7f65cbc67e8b45acfa15458971aec654.jpg,CATEGORY_PROXY_Pichwai,unknown_unannotated,val
valid/Pichwai/ll-decor-yellow-10-inch-product-images-orvqmxnfwmn-p604000997-0-202308211413_jpg.rf.72f700ff0d677e5daa3d6c07ca3b93da.jpg,CATEGORY_PROXY_Pichwai,unknown_unannotated,val
valid/Pichwai/pastel-hand-painted-pure-moonga-silk-pichwai-blouse-fabric-1-mtr-714991_jpg.rf.9aeb34ba00abb84dfcb1e7b4369eff0f.jpg,CATEGORY_PROXY_Pichwai,unknown_unannotated,val
valid/Pichwai/PICHWAI-100005-01_jpg.rf.13b96408dd8dc8b3f11adb6aa086dd52.jpg,CATEGORY_PROXY_Pichwai,unknown_unannotated,val
valid/Pichwai/PICHWAI-100014-03_jpg.rf.efd886ae868cd7ec93361a52c7c4fb24.jpg,CATEGORY_PROXY_Pichwai,unknown_unannotated,val
valid/Pichwai/Pichwai20forest20lake20landscape20Painting_jpg.rf.e520c627f85ed0b0c5b97e8842c630ae.jpg,CATEGORY_PROXY_Pichwai,unknown_unannotated,val
valid/Pichwai/SSC28_jpg.rf.0255f5bf0749cfe5fcbe0514c837001a.jpg,CATEGORY_PROXY_Pichwai,unknown_unannotated,val
valid/Pichwai/whatsapp-image-2022-03-09-at-12-01-25-pm-1-500x500_jpeg.rf.f36a42ee8b27e60dda0c0d1bd554b94e.jpg,CATEGORY_PROXY_Pichwai,unknown_unannotated,val
valid/Pichwai/WhatsAppImage2023-03-24at4-43-49PM_jpg.rf.49ca0a4cb83f5441b72a54498afec6db.jpg,CATEGORY_PROXY_Pichwai,unknown_unannotated,val
test/Banarasi/Cyan-Golden-and-Pink-Floral-Banarasi-Silk-Fabric-12556_jpg.rf.ac50c9c6e7be697617fa94883ce4790d.jpg,CATEGORY_PROXY_Banarasi,unknown_unannotated,gallery
test/Banarasi/image10_jpeg.rf.a8e3a4e500b0ff908c2dd8f682224d67.jpg,CATEGORY_PROXY_Banarasi,unknown_unannotated,gallery
test/Banarasi/image23_jpeg.rf.b65df2ec23b777df1179b97bc2103ac4.jpg,CATEGORY_PROXY_Banarasi,unknown_unannotated,query
test/Banarasi/images126_jpg.rf.28957d83c8ff0e2471b7e715e9c76991.jpg,CATEGORY_PROXY_Banarasi,unknown_unannotated,query
test/Banarasi/images127_jpg.rf.58275150b0d3a9f0bee9d548ae0888e4.jpg,CATEGORY_PROXY_Banarasi,unknown_unannotated,query
test/Banarasi/images139_jpg.rf.40a5b3b2fd46777a7a4784a747e83e87.jpg,CATEGORY_PROXY_Banarasi,unknown_unannotated,gallery
test/Banarasi/images144_jpg.rf.a8297c9ea5ecdc5e1ffc828f64f36aa3.jpg,CATEGORY_PROXY_Banarasi,unknown_unannotated,gallery
test/Banarasi/images150_jpg.rf.a17f2d73ed2735a5e73ee4a4336c6b51.jpg,CATEGORY_PROXY_Banarasi,unknown_unannotated,gallery
test/Banarasi/images54_jpg.rf.03d69a6149bb0bcd448b441ca2caa781.jpg,CATEGORY_PROXY_Banarasi,unknown_unannotated,gallery
test/Banarasi/images88_jpg.rf.1e3b94d6a82ce5e2a34f6651961a7385.jpg,CATEGORY_PROXY_Banarasi,unknown_unannotated,query
test/Banarasi/IMG_E9590_2796f3d7-9007-4e6c-923c-b46a3c378b4b_jpg.rf.3a34ee7034af862f7013c16bfb94ee79.jpg,CATEGORY_PROXY_Banarasi,unknown_unannotated,query
test/Banarasi/R-TSBR01984-HEAD_3f8d85fa-cddb-45e3-84e5-366939b30fb3_jpg.rf.439c2ee5b002aeed21b21bf007f8aaf1.jpg,CATEGORY_PROXY_Banarasi,unknown_unannotated,query
test/Banarasi/SAN2454_jpg.rf.922c352a361081ceb2f2c86c357d8361.jpg,CATEGORY_PROXY_Banarasi,unknown_unannotated,gallery
test/Banarasi/sfk40532-saroj-fabrics-dupion-banarasi-fabric_jpg.rf.01fec1d1d6822f4e44ac33992ab2b122.jpg,CATEGORY_PROXY_Banarasi,unknown_unannotated,query
test/Bandhani/31001554-A_jpg.rf.3609a5870527b60a320476d85573322d.jpg,CATEGORY_PROXY_Bandhani,unknown_unannotated,query
test/Bandhani/31001818-A_jpg.rf.298651e75c406ba3a0b4c4b83cd7a624.jpg,CATEGORY_PROXY_Bandhani,unknown_unannotated,gallery
test/Bandhani/58-inch-bandhani-chiffon-print-fabric_jpg.rf.9c83779b83bf2875a556ec9139d9a7c8.jpg,CATEGORY_PROXY_Bandhani,unknown_unannotated,query
test/Bandhani/B-09766_jpg.rf.bf4302dbb46f049f7364334bcf7d1c3c.jpg,CATEGORY_PROXY_Bandhani,unknown_unannotated,gallery
test/Bandhani/Bandhani-Fabric-Jodhpur_jpg.rf.1392e5ff2293a80a44eb452da0308616.jpg,CATEGORY_PROXY_Bandhani,unknown_unannotated,query
test/Bandhani/DN-1007-1_cd147f84-3622-4f10-b256-e8dcde432b00_jpg.rf.9ef2f61f872fc76791cb97da837b2659.jpg,CATEGORY_PROXY_Bandhani,unknown_unannotated,gallery
test/Bandhani/dsc_0906_jpg.rf.40b22185e2138e667d53240f8efda936.jpg,CATEGORY_PROXY_Bandhani,unknown_unannotated,query
test/Bandhani/dsc_9228_jpg.rf.2a3721f25fbeec0feb0c727b8b388a1c.jpg,CATEGORY_PROXY_Bandhani,unknown_unannotated,gallery
test/Bandhani/images5_jpg.rf.22013df6d2bb8e2f40dc8905724afd5f.jpg,CATEGORY_PROXY_Bandhani,unknown_unannotated,gallery
test/Bandhani/images8_jpg.rf.8ba415ba2ceeb1c8504634c043c1d7aa.jpg,CATEGORY_PROXY_Bandhani,unknown_unannotated,query
test/Bandhani/images9_jpg.rf.5c86ae424b2fc4c9aafc8b3ee11d6f4c.jpg,CATEGORY_PROXY_Bandhani,unknown_unannotated,gallery
test/Bandhani/IMG_20231119_154540_630_jpg.rf.7b624fb383324fb4f24fa66b89bae082.jpg,CATEGORY_PROXY_Bandhani,unknown_unannotated,query
test/Bandhani/IMG_20231119_154540_699_jpg.rf.d35040c7899e22c1390c3dc7b1c87d33.jpg,CATEGORY_PROXY_Bandhani,unknown_unannotated,query
test/Bandhani/O-01438_jpg.rf.4326e09d3dd9ef231fae57c8a6e6a0c0.jpg,CATEGORY_PROXY_Bandhani,unknown_unannotated,query
test/Bandhani/red-bandhani-pure-gajji-silk-fabric-1-mtr-429285_jpg.rf.a746a2f9b1262c60f5830ff0a9527e3f.jpg,CATEGORY_PROXY_Bandhani,unknown_unannotated,gallery
test/Ikat/-473Wx593H-469483222-multi-MODEL_jpg.rf.64971efaf739adf333c0409394bb957b.jpg,CATEGORY_PROXY_Ikat,unknown_unannotated,gallery
test/Ikat/B590787E-3B4C-431F-BFEB-FCF57C5D44DE_1_201_a_300x300_jpg.rf.7e6fcb424b49135ac91a6aa3ff45945e.jpg,CATEGORY_PROXY_Ikat,unknown_unannotated,gallery
test/Ikat/black-pochampally-ikat-cotton-handloom-fabric-with-buta-design-f0118-12917465972815_jpg.rf.6eb067ee7dbc9cb5e677facd1bad5462.jpg,CATEGORY_PROXY_Ikat,unknown_unannotated,query
test/Ikat/gsosaincofb251-_284_29_jpg.rf.8cdb9e69805e69735aa120e4c8cca1f2.jpg,CATEGORY_PROXY_Ikat,unknown_unannotated,query
test/Ikat/image11_jpeg.rf.b71402fc6ff4a8eb0d6b1d6bedff0cc9.jpg,CATEGORY_PROXY_Ikat,unknown_unannotated,query
test/Ikat/image31_jpeg.rf.ce3d9bcec77710f5c4ff4472c9e369e7.jpg,CATEGORY_PROXY_Ikat,unknown_unannotated,query
test/Ikat/images17_jpg.rf.8edb0cdfbf642887526f8b064d7c67c9.jpg,CATEGORY_PROXY_Ikat,unknown_unannotated,query
test/Ikat/images21_jpg.rf.8df60421d89faa4aa3489188595371e8.jpg,CATEGORY_PROXY_Ikat,unknown_unannotated,query
test/Ikat/images25_jpg.rf.4855097352f21804a7b5661483a64a78.jpg,CATEGORY_PROXY_Ikat,unknown_unannotated,gallery
test/Ikat/images30_jpg.rf.5a87dbb0cc0ec062d4e4d338a9976c6d.jpg,CATEGORY_PROXY_Ikat,unknown_unannotated,gallery
test/Ikat/images7_jpg.rf.a32bf76b5712c64c5c360be15db1db0e.jpg,CATEGORY_PROXY_Ikat,unknown_unannotated,query
test/Ikat/Pochampally20Violet20Cotton20Ikat20Fabric-1000x1000_jpeg.rf.d5ea3f64942e2ed631498872e0218799.jpg,CATEGORY_PROXY_Ikat,unknown_unannotated,gallery
test/Ikat/whatsapp-image-2023-03-21-at-20-18-28_jpeg.rf.b5385cf1a5394153f1c00873ea1d7103.jpg,CATEGORY_PROXY_Ikat,unknown_unannotated,gallery
test/Pichwai/-wall-decor-blue-8-inch-product-images-orvq71dvz4d-p604000989-0-202308211412_jpg.rf.2a053d85a534c86008d13ce311e5a44c.jpg,CATEGORY_PROXY_Pichwai,unknown_unannotated,gallery
test/Pichwai/20230304_152640_clipped_rev_1_1024x_jpg.rf.f01a13e32091bd2d1b855478593e97ab.jpg,CATEGORY_PROXY_Pichwai,unknown_unannotated,gallery
test/Pichwai/20240507_120535_89a97d55-646a-4d79-b6b1-c4ddd6f0420a_jpg.rf.b2d9b018d9568b680a4ddd2ecb10b556.jpg,CATEGORY_PROXY_Pichwai,unknown_unannotated,query
test/Pichwai/473116-A_f17f54fb-1b9f-4f2b-96c0-f2fea2c1ed17_jpg.rf.5680da20123c34ad4a078b59a5f22561.jpg,CATEGORY_PROXY_Pichwai,unknown_unannotated,gallery
test/Pichwai/61NA0dtI-WL-_AC_UF10001000_QL80__jpg.rf.842c782e8a638c75e9fa73126f5a6bc9.jpg,CATEGORY_PROXY_Pichwai,unknown_unannotated,gallery
test/Pichwai/94232-3-502_jpg.rf.b8e4fc9dc9e48434cf5f6f745fe0388f.jpg,CATEGORY_PROXY_Pichwai,unknown_unannotated,gallery
test/Pichwai/94235-3-201_jpg.rf.2515349b9f8725d8343fd1e0622a7284.jpg,CATEGORY_PROXY_Pichwai,unknown_unannotated,gallery
test/Pichwai/94235-3-502_jpg.rf.e332eb8f0b90fce4b9a6e22fbc17ab1e.jpg,CATEGORY_PROXY_Pichwai,unknown_unannotated,query
test/Pichwai/il_570xN-5372611899_fdxt_jpg.rf.81850fde0c7e27df116381031df71497.jpg,CATEGORY_PROXY_Pichwai,unknown_unannotated,query
test/Pichwai/image26_jpeg.rf.60977f6c284e67753a755c9ee013b316.jpg,CATEGORY_PROXY_Pichwai,unknown_unannotated,query
test/Pichwai/image6_jpeg.rf.120c25820894391f2e995a69ff8630ac.jpg,CATEGORY_PROXY_Pichwai,unknown_unannotated,query
test/Pichwai/image_6f256316-f947-4d17-b801-041b0d9f7d08_jpg.rf.c63c317ab1044ba82eb31b42d1fe15e2.jpg,CATEGORY_PROXY_Pichwai,unknown_unannotated,query
test/Pichwai/image_jpeg.rf.49028afa3604f5d282392217654617c6.jpg,CATEGORY_PROXY_Pichwai,unknown_unannotated,gallery
test/Pichwai/PICHWAI-100011-01_jpg.rf.1582bb1a05dc50b7aaae30af6c82f3aa.jpg,CATEGORY_PROXY_Pichwai,unknown_unannotated,gallery
test/Pichwai/Pichwai-Fabric3_jpeg.rf.bde18da1da948ec74f6160739e168626.jpg,CATEGORY_PROXY_Pichwai,unknown_unannotated,query
test/Pichwai/PINK-AND-BLUE-PICHWAI-STRIPED-PRINT_58ac5c1d-9633-448d-bda9-e23812e4c35e_jpg.rf.3e2762f066b8e536154ab1252a896b96.jpg,CATEGORY_PROXY_Pichwai,unknown_unannotated,gallery
test/Pichwai/poly-mul-mul-creative-kalamkari-pichwai-fabric_png.rf.bb5a9dffd415489f4f98ae8d038edc55.jpg,CATEGORY_PROXY_Pichwai,unknown_unannotated,query
test/Pichwai/TussarSilkDigitalPrint_1_jpg.rf.47e929d613bce1351222a1d023411231.jpg,CATEGORY_PROXY_Pichwai,unknown_unannotated,query
